"time","stock","ret"
1969-01-01,"ge",-0.011984
1969-01-01,"ibm",-0.059524
1969-01-01,"mobil",-0.014043
1969-01-01,"crsp",-0.006714
1969-02-01,"ge",-0.060377
1969-02-01,"ibm",-0.007004
1969-02-01,"mobil",-0.078431
1969-02-01,"crsp",-0.053641
1969-03-01,"ge",0.066474
1969-03-01,"ibm",0.070303
1969-03-01,"mobil",0.21513
1969-03-01,"crsp",0.030505
1969-04-01,"ge",0.059621
1969-04-01,"ibm",0.044586
1969-04-01,"mobil",0.029961
1969-04-01,"crsp",0.020528
1969-05-01,"ge",-0.035806
1969-05-01,"ibm",-0.025
1969-05-01,"mobil",0.026667
1969-05-01,"crsp",0.005038
1969-06-01,"ge",-0.038196
1969-06-01,"ibm",0.058777
1969-06-01,"mobil",-0.12987
1969-06-01,"crsp",-0.067388
1969-07-01,"ge",-0.043056
1969-07-01,"ibm",-0.03923
1969-07-01,"mobil",-0.060981
1969-07-01,"crsp",-0.065173
1969-08-01,"ge",-0.027576
1969-08-01,"ibm",0.066256
1969-08-01,"mobil",0.107798
1969-08-01,"crsp",0.051488
1969-09-01,"ge",0.022687
1969-09-01,"ibm",0.000725
1969-09-01,"mobil",-0.10352
1969-09-01,"crsp",-0.02259
1969-10-01,"ge",-0.010294
1969-10-01,"ibm",0.044171
1969-10-01,"mobil",-0.044342
1969-10-01,"crsp",0.055647
1969-11-01,"ge",-0.047548
1969-11-01,"ibm",-0.006935
1969-11-01,"mobil",-0.05379
1969-11-01,"crsp",-0.032166
1969-12-01,"ge",-0.024649
1969-12-01,"ibm",0.021008
1969-12-01,"mobil",-0.049096
1969-12-01,"crsp",-0.019683
1970-01-01,"ge",-0.066129
1970-01-01,"ibm",-0.080247
1970-01-01,"mobil",-0.147283
1970-01-01,"crsp",-0.073252
1970-02-01,"ge",-0.025907
1970-02-01,"ibm",0.018494
1970-02-01,"mobil",0.097087
1970-02-01,"crsp",0.056708
1970-03-01,"ge",0.055319
1970-03-01,"ibm",-0.005143
1970-03-01,"mobil",0.017699
1970-03-01,"crsp",-0.004729
1970-04-01,"ge",-0.033898
1970-04-01,"ibm",-0.119645
1970-04-01,"mobil",-0.035362
1970-04-01,"crsp",-0.105318
1970-05-01,"ge",-0.068421
1970-05-01,"ibm",-0.063087
1970-05-01,"mobil",0.073171
1970-05-01,"crsp",-0.064346
1970-06-01,"ge",0.026742
1970-06-01,"ibm",-0.100719
1970-06-01,"mobil",-0.005682
1970-06-01,"crsp",-0.051075
1970-07-01,"ge",0.138889
1970-07-01,"ibm",0.0138
1970-07-01,"mobil",0.082286
1970-07-01,"crsp",0.074191
1970-08-01,"ge",0.021138
1970-08-01,"ibm",0.0555
1970-08-01,"mobil",0.064171
1970-08-01,"crsp",0.050047
1970-09-01,"ge",0.083121
1970-09-01,"ibm",0.095775
1970-09-01,"mobil",0.042714
1970-09-01,"crsp",0.04751
1970-10-01,"ge",0.019259
1970-10-01,"ibm",0.011825
1970-10-01,"mobil",0.042892
1970-10-01,"crsp",-0.018181
1970-11-01,"ge",0.027616
1970-11-01,"ibm",0.045068
1970-11-01,"mobil",0.065421
1970-11-01,"crsp",0.05045
1970-12-01,"ge",0.06959
1970-12-01,"ibm",0.034174
1970-12-01,"mobil",0.008772
1970-12-01,"crsp",0.060713
1971-01-01,"ge",0.057257
1971-01-01,"ibm",0.02439
1971-01-01,"mobil",-0.076522
1971-01-01,"crsp",0.05203
1971-02-01,"ge",0.089421
1971-02-01,"ibm",0.037788
1971-02-01,"mobil",0.038095
1971-02-01,"crsp",0.016899
1971-03-01,"ge",0.04185
1971-03-01,"ibm",0.062407
1971-03-01,"mobil",0.013761
1971-03-01,"crsp",0.044788
1971-04-01,"ge",0.097098
1971-04-01,"ibm",0.000699
1971-04-01,"mobil",0.068326
1971-04-01,"crsp",0.033326
1971-05-01,"ge",-0.024415
1971-05-01,"ibm",-0.08232
1971-05-01,"mobil",-0.070664
1971-05-01,"crsp",-0.036386
1971-06-01,"ge",0.019395
1971-06-01,"ibm",-0.030581
1971-06-01,"mobil",0.02765
1971-06-01,"crsp",0.00313
1971-07-01,"ge",-0.121399
1971-07-01,"ibm",-0.08123
1971-07-01,"mobil",-0.055605
1971-07-01,"crsp",-0.04027
1971-08-01,"ge",0.161592
1971-08-01,"ibm",0.04824
1971-08-01,"mobil",-0.057692
1971-08-01,"crsp",0.042502
1971-09-01,"ge",-0.002419
1971-09-01,"ibm",-0.000822
1971-09-01,"mobil",-0.007653
1971-09-01,"crsp",-0.005016
1971-10-01,"ge",-0.052846
1971-10-01,"ibm",-0.0107
1971-10-01,"mobil",0.02365
1971-10-01,"crsp",-0.040671
1971-11-01,"ge",0.025751
1971-11-01,"ibm",0.020965
1971-11-01,"mobil",0.015267
1971-11-01,"crsp",-0.001263
1971-12-01,"ge",0.053975
1971-12-01,"ibm",0.101473
1971-12-01,"mobil",0.095238
1971-12-01,"crsp",0.091268
1972-01-01,"ge",-0.00998
1972-01-01,"ibm",0.093611
1972-01-01,"mobil",-0.01373
1972-01-01,"crsp",0.028385
1972-02-01,"ge",-0.022177
1972-02-01,"ibm",0.005027
1972-02-01,"mobil",0.030626
1972-02-01,"crsp",0.031338
1972-03-01,"ge",0.071753
1972-03-01,"ibm",0.037313
1972-03-01,"mobil",-0.063781
1972-03-01,"crsp",0.008728
1972-04-01,"ge",0.046422
1972-04-01,"ibm",0.00981
1972-04-01,"mobil",0.017032
1972-04-01,"crsp",0.005491
1972-05-01,"ge",0.016636
1972-05-01,"ibm",0.033938
1972-05-01,"mobil",0.069856
1972-05-01,"crsp",0.016372
1972-06-01,"ge",-0.038545
1972-06-01,"ibm",-0.014456
1972-06-01,"mobil",0.0181
1972-06-01,"crsp",-0.020894
1972-07-01,"ge",-0.041825
1972-07-01,"ibm",0.022321
1972-07-01,"mobil",0.057778
1972-07-01,"crsp",-0.004248
1972-08-01,"ge",0.055556
1972-08-01,"ibm",0.022707
1972-08-01,"mobil",0.141176
1972-08-01,"crsp",0.035972
1972-09-01,"ge",0.003383
1972-09-01,"ibm",-0.004896
1972-09-01,"mobil",0.016729
1972-09-01,"crsp",-0.00767
1972-10-01,"ge",-0.037665
1972-10-01,"ibm",-0.051661
1972-10-01,"mobil",0.023035
1972-10-01,"crsp",0.008678
1972-11-01,"ge",0.068102
1972-11-01,"ibm",0.017769
1972-11-01,"mobil",0.059567
1972-11-01,"crsp",0.04977
1972-12-01,"ge",0.073665
1972-12-01,"ibm",0.028133
1972-12-01,"mobil",0.008518
1972-12-01,"crsp",0.011246
1973-01-01,"ge",-0.039451
1973-01-01,"ibm",0.083333
1973-01-01,"mobil",0.016216
1973-01-01,"crsp",-0.027655
1973-02-01,"ge",-0.039643
1973-02-01,"ibm",-0.00597
1973-02-01,"mobil",-0.139262
1973-02-01,"crsp",-0.044492
1973-03-01,"ge",-0.035514
1973-03-01,"ibm",0
1973-03-01,"mobil",0.089669
1973-03-01,"crsp",-0.007942
1973-04-01,"ge",-0.081395
1973-04-01,"ibm",-0.054461
1973-04-01,"mobil",-0.044723
1973-04-01,"crsp",-0.051735
1973-05-01,"ge",0.004219
1973-05-01,"ibm",-0.032261
1973-05-01,"mobil",-0.026966
1973-05-01,"crsp",-0.024497
1973-06-01,"ge",-0.029832
1973-06-01,"ibm",0.007149
1973-06-01,"mobil",0.001946
1973-06-01,"crsp",-0.008689
1973-07-01,"ge",0.093682
1973-07-01,"ibm",-0.007886
1973-07-01,"mobil",-0.053204
1973-07-01,"crsp",0.057109
1973-08-01,"ge",-0.057769
1973-08-01,"ibm",-0.039364
1973-08-01,"mobil",-0.020747
1973-08-01,"crsp",-0.029654
1973-09-01,"ge",0.072304
1973-09-01,"ibm",-0.142857
1973-09-01,"mobil",0.067797
1973-09-01,"crsp",0.053993
1973-10-01,"ge",0.037698
1973-10-01,"ibm",0.08624
1973-10-01,"mobil",-0.070238
1973-10-01,"crsp",-0.000296
1973-11-01,"ge",-0.028298
1973-11-01,"ibm",-0.050419
1973-11-01,"mobil",-0.181425
1973-11-01,"crsp",-0.12088
1973-12-01,"ge",-0.00198
1973-12-01,"ibm",-0.068868
1973-12-01,"mobil",0.118734
1973-12-01,"crsp",0.011442
1974-01-01,"ge",-0.049603
1974-01-01,"ibm",-0.006079
1974-01-01,"mobil",-0.05566
1974-01-01,"crsp",0.005024
1974-02-01,"ge",-0.047599
1974-02-01,"ibm",-0.024852
1974-02-01,"mobil",-0.098985
1974-02-01,"crsp",0.002648
1974-03-01,"ge",-0.041943
1974-03-01,"ibm",-0.008933
1974-03-01,"mobil",0.025352
1974-03-01,"crsp",-0.022878
1974-04-01,"ge",-0.059908
1974-04-01,"ibm",-0.036055
1974-04-01,"mobil",-0.04011
1974-04-01,"crsp",-0.046377
1974-05-01,"ge",-0.053922
1974-05-01,"ibm",-0.059274
1974-05-01,"mobil",-0.03207
1974-05-01,"crsp",-0.041974
1974-06-01,"ge",0.029016
1974-06-01,"ibm",0.001176
1974-06-01,"mobil",-0.033133
1974-06-01,"crsp",-0.022946
1974-07-01,"ge",-0.126904
1974-07-01,"ibm",-0.052291
1974-07-01,"mobil",0.029283
1974-07-01,"crsp",-0.070891
1974-08-01,"ge",-0.119186
1974-08-01,"ibm",-0.040298
1974-08-01,"mobil",-0.08642
1974-08-01,"crsp",-0.087741
1974-09-01,"ge",-0.164356
1974-09-01,"ibm",-0.171875
1974-09-01,"mobil",-0.118243
1974-09-01,"crsp",-0.109712
1974-10-01,"ge",0.224
1974-10-01,"ibm",0.189465
1974-10-01,"mobil",0.124138
1974-10-01,"crsp",0.165614
1974-11-01,"ge",-0.029412
1974-11-01,"ibm",-0.054858
1974-11-01,"mobil",-0.080139
1974-11-01,"crsp",-0.04094
1974-12-01,"ge",-0.090236
1974-12-01,"ibm",-0.052186
1974-12-01,"mobil",0.090909
1974-12-01,"crsp",-0.027007
1975-01-01,"ge",0.157303
1975-01-01,"ibm",0.120536
1975-01-01,"mobil",0.169444
1975-01-01,"crsp",0.141429
1975-02-01,"ge",0.152751
1975-02-01,"ibm",0.152722
1975-02-01,"mobil",0.00303
1975-02-01,"crsp",0.05861
1975-03-01,"ge",0.042493
1975-03-01,"ibm",-0.041183
1975-03-01,"mobil",-0.039275
1975-03-01,"crsp",0.030163
1975-04-01,"ge",0
1975-04-01,"ibm",0.015729
1975-04-01,"mobil",0.033962
1975-04-01,"crsp",0.046423
1975-05-01,"ge",-0.013587
1975-05-01,"ibm",0.031566
1975-05-01,"mobil",0.177019
1975-05-01,"crsp",0.055156
1975-06-01,"ge",0.168595
1975-06-01,"ibm",-0.027907
1975-06-01,"mobil",0.002639
1975-06-01,"crsp",0.051587
1975-07-01,"ge",-0.102138
1975-07-01,"ibm",-0.089713
1975-07-01,"mobil",-0.045263
1975-07-01,"crsp",-0.060447
1975-08-01,"ge",-0.021164
1975-08-01,"ibm",-0.011827
1975-08-01,"mobil",-0.008427
1975-08-01,"crsp",-0.023611
1975-09-01,"ge",-0.04
1975-09-01,"ibm",0.010738
1975-09-01,"mobil",0.011331
1975-09-01,"crsp",-0.037964
1975-10-01,"ge",0.09375
1975-10-01,"ibm",0.12749
1975-10-01,"mobil",0.047059
1975-10-01,"crsp",0.056037
1975-11-01,"ge",0.002597
1975-11-01,"ibm",0.074794
1975-11-01,"mobil",-0.010899
1975-11-01,"crsp",0.031164
1975-12-01,"ge",-0.035751
1975-12-01,"ibm",-0.009387
1975-12-01,"mobil",0.041322
1975-12-01,"crsp",-0.011014
1976-01-01,"ge",0.214092
1976-01-01,"ibm",0.149387
1976-01-01,"mobil",0.168783
1976-01-01,"crsp",0.125958
1976-02-01,"ge",-0.046875
1976-02-01,"ibm",-0.001455
1976-02-01,"mobil",-0.011494
1976-02-01,"crsp",0.007165
1976-03-01,"ge",-0.008899
1976-03-01,"ibm",0.024939
1976-03-01,"mobil",0.07907
1976-03-01,"crsp",0.026804
1976-04-01,"ge",0.02381
1976-04-01,"ibm",-0.03292
1976-04-01,"mobil",0.023707
1976-04-01,"crsp",-0.010473
1976-05-01,"ge",-0.053488
1976-05-01,"ibm",0.019734
1976-05-01,"mobil",0.018526
1976-05-01,"crsp",-0.009363
1976-06-01,"ge",0.130713
1976-06-01,"ibm",0.078422
1976-06-01,"mobil",0.004193
1976-06-01,"crsp",0.044439
1976-07-01,"ge",-0.045952
1976-07-01,"ibm",-0.016712
1976-07-01,"mobil",-0.022965
1976-07-01,"crsp",-0.006111
1976-08-01,"ge",-0.027523
1976-08-01,"ibm",0.01378
1976-08-01,"mobil",-0.000427
1976-08-01,"crsp",-0.001385
1976-09-01,"ge",0.029717
1976-09-01,"ibm",0.028323
1976-09-01,"mobil",0.067245
1976-09-01,"crsp",0.0245
1976-10-01,"ge",-0.013857
1976-10-01,"ibm",-0.034207
1976-10-01,"mobil",-0.01626
1976-10-01,"crsp",-0.020402
1976-11-01,"ge",-0.051522
1976-11-01,"ibm",0.00552
1976-11-01,"mobil",0.005372
1976-11-01,"crsp",0.005578
1976-12-01,"ge",0.107654
1976-12-01,"ibm",0.029982
1976-12-01,"mobil",0.085595
1976-12-01,"crsp",0.0616
1977-01-01,"ge",-0.049438
1977-01-01,"ibm",-0.013883
1977-01-01,"mobil",0.028846
1977-01-01,"crsp",-0.036341
1977-02-01,"ge",-0.044917
1977-02-01,"ibm",0.011807
1977-02-01,"mobil",0.001121
1977-02-01,"crsp",-0.015759
1977-03-01,"ge",-0.018317
1977-03-01,"ibm",0.001812
1977-03-01,"mobil",0.018939
1977-03-01,"crsp",-0.009247
1977-04-01,"ge",0.096692
1977-04-01,"ibm",-0.064195
1977-04-01,"mobil",-0.01487
1977-04-01,"crsp",0.004957
1977-05-01,"ge",0.006961
1977-05-01,"ibm",-0.041546
1977-05-01,"mobil",-0.015849
1977-05-01,"crsp",-0.010792
1977-06-01,"ge",0.051613
1977-06-01,"ibm",0.075356
1977-06-01,"mobil",0.058366
1977-06-01,"crsp",0.051359
1977-07-01,"ge",-0.037611
1977-07-01,"ibm",0.015625
1977-07-01,"mobil",0.005515
1977-07-01,"crsp",-0.012806
1977-08-01,"ge",-0.018391
1977-08-01,"ibm",0.010256
1977-08-01,"mobil",-0.108592
1977-08-01,"crsp",-0.013357
1977-09-01,"ge",-0.029508
1977-09-01,"ibm",-0.02748
1977-09-01,"mobil",0.03125
1977-09-01,"crsp",0.001574
1977-10-01,"ge",-0.021951
1977-10-01,"ibm",-0.014368
1977-10-01,"mobil",0
1977-10-01,"crsp",-0.039284
1977-11-01,"ge",0.010973
1977-11-01,"ibm",0.035957
1977-11-01,"mobil",0.049293
1977-11-01,"crsp",0.045434
1977-12-01,"ge",-0.004988
1977-12-01,"ibm",0.035985
1977-12-01,"mobil",-0.003914
1977-12-01,"crsp",0.008209
1978-01-01,"ge",-0.082707
1978-01-01,"ibm",-0.02925
1978-01-01,"mobil",-0.046365
1978-01-01,"crsp",-0.055195
1978-02-01,"ge",-0.021858
1978-02-01,"ibm",-0.042825
1978-02-01,"mobil",-0.016771
1978-02-01,"crsp",-0.00928
1978-03-01,"ge",0.05419
1978-03-01,"ibm",-0.062687
1978-03-01,"mobil",0.049041
1978-03-01,"crsp",0.034004
1978-04-01,"ge",0.120643
1978-04-01,"ibm",0.129512
1978-04-01,"mobil",0.077236
1978-04-01,"crsp",0.082844
1978-05-01,"ge",0.011962
1978-05-01,"ibm",-0.018308
1978-05-01,"mobil",-0.010566
1978-05-01,"crsp",0.023228
1978-06-01,"ge",-0.032624
1978-06-01,"ibm",-0.003872
1978-06-01,"mobil",-0.042636
1978-06-01,"crsp",-0.010751
1978-07-01,"ge",0.061881
1978-07-01,"ibm",0.092323
1978-07-01,"mobil",0.02834
1978-07-01,"crsp",0.05674
1978-08-01,"ge",0.011655
1978-08-01,"ibm",0.04895
1978-08-01,"mobil",0.055905
1978-08-01,"crsp",0.042352
1978-09-01,"ge",-0.013364
1978-09-01,"ibm",-0.050964
1978-09-01,"mobil",0.064394
1978-09-01,"crsp",-0.006892
1978-10-01,"ge",-0.101655
1978-10-01,"ibm",-0.046029
1978-10-01,"mobil",-0.069039
1978-10-01,"crsp",-0.110995
1978-11-01,"ge",0.005789
1978-11-01,"ibm",0.030766
1978-11-01,"mobil",0.036965
1978-11-01,"crsp",0.033793
1978-12-01,"ge",0
1978-12-01,"ibm",0.107607
1978-12-01,"mobil",0.041276
1978-12-01,"crsp",0.017713
1979-01-01,"ge",0.023873
1979-01-01,"ibm",0.034338
1979-01-01,"mobil",0.060541
1979-01-01,"crsp",0.049491
1979-02-01,"ge",-0.033161
1979-02-01,"ibm",-0.017198
1979-02-01,"mobil",-0.001727
1979-02-01,"crsp",-0.026774
1979-03-01,"ge",0.043478
1979-03-01,"ibm",0.051667
1979-03-01,"mobil",0.029412
1979-03-01,"crsp",0.065611
1979-04-01,"ge",0.023438
1979-04-01,"ibm",-0.003962
1979-04-01,"mobil",0.078992
1979-04-01,"crsp",0.008521
1979-05-01,"ge",0.014249
1979-05-01,"ibm",-0.021671
1979-05-01,"mobil",-0.086293
1979-05-01,"crsp",-0.013597
1979-06-01,"ge",0.017812
1979-06-01,"ibm",-0.034539
1979-06-01,"mobil",0.088388
1979-06-01,"crsp",0.046851
1979-07-01,"ge",0.035
1979-07-01,"ibm",-0.049404
1979-07-01,"mobil",0.018471
1979-07-01,"crsp",0.014989
1979-08-01,"ge",0.028986
1979-08-01,"ibm",0.015914
1979-08-01,"mobil",0.111111
1979-08-01,"crsp",0.064743
1979-09-01,"ge",-0.033803
1979-09-01,"ibm",-0.032143
1979-09-01,"mobil",0.18
1979-09-01,"crsp",0.001409
1979-10-01,"ge",-0.046798
1979-10-01,"ibm",-0.079336
1979-10-01,"mobil",-0.031477
1979-10-01,"crsp",-0.072651
1979-11-01,"ge",-0.032041
1979-11-01,"ibm",0.05988
1979-11-01,"mobil",0.050761
1979-11-01,"crsp",0.063604
1979-12-01,"ge",0.097561
1979-12-01,"ibm",-0.01341
1979-12-01,"mobil",0.062802
1979-12-01,"crsp",0.028201
1980-01-01,"ge",0.08642
1980-01-01,"ibm",0.066019
1980-01-01,"mobil",0.075
1980-01-01,"crsp",0.065578
1980-02-01,"ge",-0.073636
1980-02-01,"ibm",-0.062149
1980-02-01,"mobil",0.366167
1980-02-01,"crsp",0.001028
1980-03-01,"ge",-0.042289
1980-03-01,"ibm",-0.122047
1980-03-01,"mobil",-0.175549
1980-03-01,"crsp",-0.120207
1980-04-01,"ge",-0.012987
1980-04-01,"ibm",-0.015695
1980-04-01,"mobil",0.119392
1980-04-01,"crsp",0.052297
1980-05-01,"ge",0.057895
1980-05-01,"ibm",0.024784
1980-05-01,"mobil",0.003436
1980-05-01,"crsp",0.060073
1980-06-01,"ge",0.040404
1980-06-01,"ibm",0.060948
1980-06-01,"mobil",-0.023973
1980-06-01,"crsp",0.03771
1980-07-01,"ge",0.092233
1980-07-01,"ibm",0.110638
1980-07-01,"mobil",0.054035
1980-07-01,"crsp",0.069447
1980-08-01,"ge",-0.031111
1980-08-01,"ibm",0.017011
1980-08-01,"mobil",-0.058923
1980-08-01,"crsp",0.023514
1980-09-01,"ge",-0.020642
1980-09-01,"ibm",-0.020992
1980-09-01,"mobil",0.007156
1980-09-01,"crsp",0.029481
1980-10-01,"ge",0.028504
1980-10-01,"ibm",0.038986
1980-10-01,"mobil",0.058615
1980-10-01,"crsp",0.020038
1980-11-01,"ge",0.143187
1980-11-01,"ibm",0.035422
1980-11-01,"mobil",0.192953
1980-11-01,"crsp",0.104928
1980-12-01,"ge",0.00202
1980-12-01,"ibm",-0.00367
1980-12-01,"mobil",-0.081081
1980-12-01,"crsp",-0.034379
1981-01-01,"ge",0
1981-01-01,"ibm",-0.051565
1981-01-01,"mobil",-0.082043
1981-01-01,"crsp",-0.040113
1981-02-01,"ge",0.089796
1981-02-01,"ibm",0.011417
1981-02-01,"mobil",-0.066667
1981-02-01,"crsp",0.015533
1981-03-01,"ge",0.014981
1981-03-01,"ibm",-0.029183
1981-03-01,"mobil",-0.042125
1981-03-01,"crsp",0.046186
1981-04-01,"ge",-0.020522
1981-04-01,"ibm",-0.06012
1981-04-01,"mobil",-0.024857
1981-04-01,"crsp",-0.011243
1981-05-01,"ge",0.001905
1981-05-01,"ibm",0.016802
1981-05-01,"mobil",-0.091633
1981-05-01,"crsp",0.013534
1981-06-01,"ge",-0.046768
1981-06-01,"ibm",-0.014894
1981-06-01,"mobil",0.052632
1981-06-01,"crsp",-0.010176
1981-07-01,"ge",-0.014141
1981-07-01,"ibm",-0.030238
1981-07-01,"mobil",0.020833
1981-07-01,"crsp",-0.003053
1981-08-01,"ge",-0.084016
1981-08-01,"ibm",-0.002494
1981-08-01,"mobil",-0.057143
1981-08-01,"crsp",-0.056263
1981-09-01,"ge",-0.003579
1981-09-01,"ibm",-0.018141
1981-09-01,"mobil",-0.105727
1981-09-01,"crsp",-0.063748
1981-10-01,"ge",-0.01139
1981-10-01,"ibm",-0.048499
1981-10-01,"mobil",0.024631
1981-10-01,"crsp",0.060182
1981-11-01,"ge",0.112903
1981-11-01,"ibm",0.074951
1981-11-01,"mobil",0.038462
1981-11-01,"crsp",0.045837
1981-12-01,"ge",-0.036439
1981-12-01,"ibm",0.043578
1981-12-01,"mobil",-0.089623
1981-12-01,"crsp",-0.028082
1982-01-01,"ge",0.089325
1982-01-01,"ibm",0.118681
1982-01-01,"mobil",-0.015544
1982-01-01,"crsp",-0.026205
1982-02-01,"ge",0.006
1982-02-01,"ibm",-0.013988
1982-02-01,"mobil",-0.015789
1982-02-01,"crsp",-0.051118
1982-03-01,"ge",0.020676
1982-03-01,"ibm",-0.034343
1982-03-01,"mobil",-0.038251
1982-03-01,"crsp",-0.010083
1982-04-01,"ge",0.011834
1982-04-01,"ibm",0.075314
1982-04-01,"mobil",-0.011364
1982-04-01,"crsp",0.043273
1982-05-01,"ge",-0.035088
1982-05-01,"ibm",-0.029416
1982-05-01,"mobil",0.091954
1982-05-01,"crsp",-0.028197
1982-06-01,"ge",0.04202
1982-06-01,"ibm",-0.014228
1982-06-01,"mobil",-0.037634
1982-06-01,"crsp",-0.023914
1982-07-01,"ge",0.033399
1982-07-01,"ibm",0.082474
1982-07-01,"mobil",-0.072626
1982-07-01,"crsp",-0.020539
1982-08-01,"ge",0.144487
1982-08-01,"ibm",0.08739
1982-08-01,"mobil",0.156627
1982-08-01,"crsp",0.119023
1982-09-01,"ge",0.004651
1982-09-01,"ibm",0.04078
1982-09-01,"mobil",0.042553
1982-09-01,"crsp",0.016758
1982-10-01,"ge",0.148829
1982-10-01,"ibm",0.088586
1982-10-01,"mobil",0.020408
1982-10-01,"crsp",0.118634
1982-11-01,"ge",0.087045
1982-11-01,"ibm",0.093709
1982-11-01,"mobil",-0.04
1982-11-01,"crsp",0.051921
1982-12-01,"ge",0.025676
1982-12-01,"ibm",0.112717
1982-12-01,"mobil",0.069149
1982-12-01,"crsp",0.014449
1983-01-01,"ge",0.090909
1983-01-01,"ibm",0.027273
1983-01-01,"mobil",0.054726
1983-01-01,"crsp",0.041546
1983-02-01,"ge",0.048309
1983-02-01,"ibm",0.009962
1983-02-01,"mobil",0.009434
1983-02-01,"crsp",0.030502
1983-03-01,"ge",-0.024424
1983-03-01,"ibm",0.027778
1983-03-01,"mobil",0.095238
1983-03-01,"crsp",0.034707
1983-04-01,"ge",0.065476
1983-04-01,"ibm",0.149877
1983-04-01,"mobil",0.091304
1983-04-01,"crsp",0.074271
1983-05-01,"ge",-0.075978
1983-05-01,"ibm",-0.041026
1983-05-01,"mobil",-0.051793
1983-05-01,"crsp",0.013074
1983-06-01,"ge",0.073277
1983-06-01,"ibm",0.080899
1983-06-01,"mobil",0.076923
1983-06-01,"crsp",0.037997
1983-07-01,"ge",-0.093182
1983-07-01,"ibm",0.00104
1983-07-01,"mobil",-0.059524
1983-07-01,"crsp",-0.031727
1983-08-01,"ge",0.025063
1983-08-01,"ibm",0.000623
1983-08-01,"mobil",0.118143
1983-08-01,"crsp",0.003569
1983-09-01,"ge",0.041076
1983-09-01,"ibm",0.061715
1983-09-01,"mobil",-0.049808
1983-09-01,"crsp",0.016314
1983-10-01,"ge",-0.018957
1983-10-01,"ibm",-0.000985
1983-10-01,"mobil",-0.032258
1983-10-01,"crsp",-0.027745
1983-11-01,"ge",0.113527
1983-11-01,"ibm",-0.066469
1983-11-01,"mobil",-0.033333
1983-11-01,"crsp",0.029353
1983-12-01,"ge",0.026258
1983-12-01,"ibm",0.039404
1983-12-01,"mobil",0.008772
1983-12-01,"crsp",-0.010431
1984-01-01,"ge",-0.072495
1984-01-01,"ibm",-0.064549
1984-01-01,"mobil",0.084348
1984-01-01,"crsp",-0.012917
1984-02-01,"ge",-0.043678
1984-02-01,"ibm",-0.02563
1984-02-01,"mobil",0.02449
1984-02-01,"crsp",-0.039171
1984-03-01,"ge",0.064904
1984-03-01,"ibm",0.034014
1984-03-01,"mobil",-0.027888
1984-03-01,"crsp",0.013449
1984-04-01,"ge",0.01139
1984-04-01,"ibm",-0.002193
1984-04-01,"mobil",0.028689
1984-04-01,"crsp",0.002735
1984-05-01,"ge",-0.042793
1984-05-01,"ibm",-0.044396
1984-05-01,"mobil",-0.145817
1984-05-01,"crsp",-0.052351
1984-06-01,"ge",-0.002353
1984-06-01,"ibm",-0.018561
1984-06-01,"mobil",0.009524
1984-06-01,"crsp",0.023593
1984-07-01,"ge",0
1984-07-01,"ibm",0.047281
1984-07-01,"mobil",-0.092453
1984-07-01,"crsp",-0.020359
1984-08-01,"ge",0.078571
1984-08-01,"ibm",0.127314
1984-08-01,"mobil",0.260638
1984-08-01,"crsp",0.112571
1984-09-01,"ge",-0.006623
1984-09-01,"ibm",0.00404
1984-09-01,"mobil",0.012658
1984-09-01,"crsp",0.000384
1984-10-01,"ge",0.03139
1984-10-01,"ibm",0.011871
1984-10-01,"mobil",0.014167
1984-10-01,"crsp",0.000131
1984-11-01,"ge",-0.027391
1984-11-01,"ibm",-0.023069
1984-11-01,"mobil",-0.041841
1984-11-01,"crsp",-0.010492
1984-12-01,"ge",0.022573
1984-12-01,"ibm",0.011294
1984-12-01,"mobil",-0.052402
1984-12-01,"crsp",0.023797
1985-01-01,"ge",0.128035
1985-01-01,"ibm",0.107614
1985-01-01,"mobil",0.052535
1985-01-01,"crsp",0.085734
1985-02-01,"ge",0.004697
1985-02-01,"ibm",-0.009349
1985-02-01,"mobil",0.071429
1985-02-01,"crsp",0.017002
1985-03-01,"ge",-0.070727
1985-03-01,"ibm",-0.052239
1985-03-01,"mobil",0
1985-03-01,"crsp",-0.00193
1985-04-01,"ge",0
1985-04-01,"ibm",-0.003937
1985-04-01,"mobil",0.026667
1985-04-01,"crsp",-0.002183
1985-05-01,"ge",0.034672
1985-05-01,"ibm",0.025494
1985-05-01,"mobil",0.028926
1985-05-01,"crsp",0.055878
1985-06-01,"ge",0.020619
1985-06-01,"ibm",-0.037901
1985-06-01,"mobil",-0.032129
1985-06-01,"crsp",0.017188
1985-07-01,"ge",0.036364
1985-07-01,"ibm",0.061616
1985-07-01,"mobil",0.00166
1985-07-01,"crsp",-0.000547
1985-08-01,"ge",-0.048733
1985-08-01,"ibm",-0.027783
1985-08-01,"mobil",-0.012658
1985-08-01,"crsp",-0.004806
1985-09-01,"ge",-0.048361
1985-09-01,"ibm",-0.021718
1985-09-01,"mobil",0.004274
1985-09-01,"crsp",-0.039657
1985-10-01,"ge",0.002174
1985-10-01,"ibm",0.048436
1985-10-01,"mobil",0.099574
1985-10-01,"crsp",0.044577
1985-11-01,"ge",0.138829
1985-11-01,"ibm",0.084504
1985-11-01,"mobil",-0.007874
1985-11-01,"crsp",0.069269
1985-12-01,"ge",0.11741
1985-12-01,"ibm",0.112701
1985-12-01,"mobil",-0.039683
1985-12-01,"crsp",0.04326
1986-01-01,"ge",-0.025773
1986-01-01,"ibm",-0.025723
1986-01-01,"mobil",-0.020661
1986-01-01,"crsp",0.009849
1986-02-01,"ge",0.101658
1986-02-01,"ibm",0.003135
1986-02-01,"mobil",-0.002532
1986-02-01,"crsp",0.072851
1986-03-01,"ge",0.012903
1986-03-01,"ibm",0.004143
1986-03-01,"mobil",-0.025862
1986-03-01,"crsp",0.053887
1986-04-01,"ge",-0.004777
1986-04-01,"ibm",0.031353
1986-04-01,"mobil",0.041593
1986-04-01,"crsp",-0.008061
1986-05-01,"ge",0.0208
1986-05-01,"ibm",-0.01776
1986-05-01,"mobil",0.082251
1986-05-01,"crsp",0.050822
1986-06-01,"ge",0.022947
1986-06-01,"ibm",-0.038556
1986-06-01,"mobil",0.012
1986-06-01,"crsp",0.014299
1986-07-01,"ge",-0.098765
1986-07-01,"ibm",-0.095563
1986-07-01,"mobil",-0.022134
1986-07-01,"crsp",-0.059675
1986-08-01,"ge",0.077055
1986-08-01,"ibm",0.055472
1986-08-01,"mobil",0.17284
1986-08-01,"crsp",0.06639
1986-09-01,"ge",-0.078474
1986-09-01,"ibm",-0.030631
1986-09-01,"mobil",0.052632
1986-09-01,"crsp",-0.079142
1986-10-01,"ge",0.06087
1986-10-01,"ibm",-0.080855
1986-10-01,"mobil",0.02
1986-10-01,"crsp",0.04945
1986-11-01,"ge",0.088525
1986-11-01,"ibm",0.037209
1986-11-01,"mobil",0.043791
1986-11-01,"crsp",0.01516
1986-12-01,"ge",0.043735
1986-12-01,"ibm",-0.056047
1986-12-01,"mobil",0.019048
1986-12-01,"crsp",-0.026555
1987-01-01,"ge",0.165698
1987-01-01,"ibm",0.072917
1987-01-01,"mobil",0.093458
1987-01-01,"crsp",0.128378
1987-02-01,"ge",0.031172
1987-02-01,"ibm",0.092039
1987-02-01,"mobil",-0.021652
1987-02-01,"crsp",0.047627
1987-03-01,"ge",0.020605
1987-03-01,"ibm",0.076165
1987-03-01,"mobil",0.123894
1987-03-01,"crsp",0.023236
1987-04-01,"ge",-0.013111
1987-04-01,"ibm",0.066611
1987-04-01,"mobil",-0.006824
1987-04-01,"crsp",-0.017122
1987-05-01,"ge",0.004831
1987-05-01,"ibm",0.006089
1987-05-01,"mobil",-0.002674
1987-05-01,"crsp",0.005218
1987-06-01,"ge",0.052019
1987-06-01,"ibm",0.015625
1987-06-01,"mobil",0.091153
1987-06-01,"crsp",0.043836
1987-07-01,"ge",0.089655
1987-07-01,"ibm",-0.009231
1987-07-01,"mobil",0.031941
1987-07-01,"crsp",0.044058
1987-08-01,"ge",0.054852
1987-08-01,"ibm",0.05264
1987-08-01,"mobil",0.029524
1987-08-01,"crsp",0.037228
1987-09-01,"ge",-0.01072
1987-09-01,"ibm",-0.104677
1987-09-01,"mobil",-0.081776
1987-09-01,"crsp",-0.020737
1987-10-01,"ge",-0.229675
1987-10-01,"ibm",-0.187396
1987-10-01,"mobil",-0.178117
1987-10-01,"crsp",-0.224879
1987-11-01,"ge",-0.105541
1987-11-01,"ibm",-0.086939
1987-11-01,"mobil",-0.150464
1987-11-01,"crsp",-0.072908
1987-12-01,"ge",0.049558
1987-12-01,"ibm",0.042889
1987-12-01,"mobil",0.159259
1987-12-01,"crsp",0.070414
1988-01-01,"ge",0.022663
1988-01-01,"ibm",-0.027056
1988-01-01,"mobil",0.127796
1988-01-01,"crsp",0.045348
1988-02-01,"ge",0.00831
1988-02-01,"ibm",0.055395
1988-02-01,"mobil",0.009632
1988-02-01,"crsp",0.051609
1988-03-01,"ge",-0.104945
1988-03-01,"ibm",-0.084043
1988-03-01,"mobil",0.005682
1988-03-01,"crsp",-0.017064
1988-04-01,"ge",0
1988-04-01,"ibm",0.053426
1988-04-01,"mobil",0.056497
1988-04-01,"crsp",0.010989
1988-05-01,"ge",0.040248
1988-05-01,"ibm",0.001985
1988-05-01,"mobil",-0.027273
1988-05-01,"crsp",0.000938
1988-06-01,"ge",0.052976
1988-06-01,"ibm",0.132222
1988-06-01,"mobil",-0.030641
1988-06-01,"crsp",0.051372
1988-07-01,"ge",-0.025641
1988-07-01,"ibm",-0.012758
1988-07-01,"mobil",0.028736
1988-07-01,"crsp",-0.007179
1988-08-01,"ge",-0.055556
1988-08-01,"ibm",-0.104573
1988-08-01,"mobil",-0.017318
1988-08-01,"crsp",-0.027928
1988-09-01,"ge",0.082972
1988-09-01,"ibm",0.034753
1988-09-01,"mobil",-0.017291
1988-09-01,"crsp",0.037276
1988-10-01,"ge",0.005764
1988-10-01,"ibm",0.062839
1988-10-01,"mobil",0.041056
1988-10-01,"crsp",0.01766
1988-11-01,"ge",0.031519
1988-11-01,"ibm",-0.024669
1988-11-01,"mobil",0.016338
1988-11-01,"crsp",-0.0164
1988-12-01,"ge",0.003556
1988-12-01,"ibm",0.028481
1988-12-01,"mobil",0.022472
1988-12-01,"crsp",0.021005
1989-01-01,"ge",0.081006
1989-01-01,"ibm",0.071795
1989-01-01,"mobil",0.076374
1989-01-01,"crsp",0.065958
1989-02-01,"ge",-0.054264
1989-02-01,"ibm",-0.061435
1989-02-01,"mobil",-0.036176
1989-02-01,"crsp",-0.016365
1989-03-01,"ge",-0.018361
1989-03-01,"ibm",-0.101852
1989-03-01,"mobil",0.050938
1989-03-01,"crsp",0.02153
1989-04-01,"ge",0.098315
1989-04-01,"ibm",0.044674
1989-04-01,"mobil",0.035714
1989-04-01,"crsp",0.048536
1989-05-01,"ge",0.117647
1989-05-01,"ibm",-0.027763
1989-05-01,"mobil",0.027586
1989-05-01,"crsp",0.039529
1989-06-01,"ge",-0.047414
1989-06-01,"ibm",0.020525
1989-06-01,"mobil",-0.041262
1989-06-01,"crsp",-0.004925
1989-07-01,"ge",0.133172
1989-07-01,"ibm",0.027933
1989-07-01,"mobil",0.037975
1989-07-01,"crsp",0.077109
1989-08-01,"ge",-0.014957
1989-08-01,"ibm",0.029
1989-08-01,"mobil",0.083415
1989-08-01,"crsp",0.02196
1989-09-01,"ge",-0.012408
1989-09-01,"ibm",-0.067236
1989-09-01,"mobil",0.022779
1989-09-01,"crsp",-0.001587
1989-10-01,"ge",-0.019912
1989-10-01,"ibm",-0.08238
1989-10-01,"mobil",0.0049
1989-10-01,"crsp",-0.02939
1989-11-01,"ge",0.119639
1989-11-01,"ibm",-0.014115
1989-11-01,"mobil",0.056054
1989-11-01,"crsp",0.017846
1989-12-01,"ge",0.047903
1989-12-01,"ibm",-0.035851
1989-12-01,"mobil",0.063694
1989-12-01,"crsp",0.01829
1990-01-01,"ge",-0.034884
1990-01-01,"ibm",0.047809
1990-01-01,"mobil",-0.045509
1990-01-01,"crsp",-0.070054
1990-02-01,"ge",-0.000482
1990-02-01,"ibm",0.065501
1990-02-01,"mobil",0.044397
1990-02-01,"crsp",0.014978
1990-03-01,"ge",0.040486
1990-03-01,"ibm",0.021661
1990-03-01,"mobil",-0.004049
1990-03-01,"crsp",0.024162
1990-04-01,"ge",-0.003891
1990-04-01,"ibm",0.027091
1990-04-01,"mobil",-0.020325
1990-04-01,"crsp",-0.02815
1990-05-01,"ge",0.083516
1990-05-01,"ibm",0.112018
1990-05-01,"mobil",0.055602
1990-05-01,"crsp",0.088887
1990-06-01,"ge",0.005445
1990-06-01,"ibm",-0.020833
1990-06-01,"mobil",-0.017893
1990-06-01,"crsp",-0.0043
1990-07-01,"ge",0.034296
1990-07-01,"ibm",-0.051064
1990-07-01,"mobil",0.068421
1990-07-01,"crsp",-0.009381
1990-08-01,"ge",-0.13438
1990-08-01,"ibm",-0.075471
1990-08-01,"mobil",-0.021073
1990-08-01,"crsp",-0.09174
1990-09-01,"ge",-0.113387
1990-09-01,"ibm",0.044172
1990-09-01,"mobil",-0.015656
1990-09-01,"crsp",-0.053868
1990-10-01,"ge",-0.045872
1990-10-01,"ibm",-0.009401
1990-10-01,"mobil",-0.083897
1990-10-01,"crsp",-0.012422
1990-11-01,"ge",0.052885
1990-11-01,"ibm",0.089775
1990-11-01,"mobil",0.035165
1990-11-01,"crsp",0.065985
1990-12-01,"ge",0.05726
1990-12-01,"ibm",-0.005501
1990-12-01,"mobil",-0.014862
1990-12-01,"crsp",0.029549
1991-01-01,"ge",0.115468
1991-01-01,"ibm",0.121681
1991-01-01,"mobil",-0.009052
1991-01-01,"crsp",0.049067
1991-02-01,"ge",0.070469
1991-02-01,"ibm",0.025325
1991-02-01,"mobil",0.110132
1991-02-01,"crsp",0.075686
1991-03-01,"ge",0.023897
1991-03-01,"ibm",-0.115534
1991-03-01,"mobil",0.02381
1991-03-01,"crsp",0.028793
1991-04-01,"ge",0.016158
1991-04-01,"ibm",-0.095499
1991-04-01,"mobil",0.062016
1991-04-01,"crsp",0.003332
1991-05-01,"ge",0.099081
1991-05-01,"ibm",0.042087
1991-05-01,"mobil",-0.026642
1991-05-01,"crsp",0.040607
1991-06-01,"ge",-0.042071
1991-06-01,"ibm",-0.084806
1991-06-01,"mobil",-0.024668
1991-06-01,"crsp",-0.044247
1991-07-01,"ge",-0.010135
1991-07-01,"ibm",0.042471
1991-07-01,"mobil",0.064981
1991-07-01,"crsp",0.046838
1991-08-01,"ge",0.022184
1991-08-01,"ibm",-0.031259
1991-08-01,"mobil",0.011091
1991-08-01,"crsp",0.026912
1991-09-01,"ge",-0.066644
1991-09-01,"ibm",0.069677
1991-09-01,"mobil",-0.003656
1991-09-01,"crsp",-0.011062
1991-10-01,"ge",-0.005405
1991-10-01,"ibm",-0.05187
1991-10-01,"mobil",0.042936
1991-10-01,"crsp",0.017714
1991-11-01,"ge",-0.061594
1991-11-01,"ibm",-0.046209
1991-11-01,"mobil",-0.078292
1991-11-01,"crsp",-0.037272
1991-12-01,"ge",0.189961
1991-12-01,"ibm",-0.037838
1991-12-01,"mobil",0.048263
1991-12-01,"crsp",0.107055
1992-01-01,"ge",-0.01634
1992-01-01,"ibm",0.011236
1992-01-01,"mobil",-0.058932
1992-01-01,"crsp",-0.001693
1992-02-01,"ge",0.04485
1992-02-01,"ibm",-0.021278
1992-02-01,"mobil",-0.018787
1992-02-01,"crsp",0.013281
1992-03-01,"ge",-0.029571
1992-03-01,"ibm",-0.038849
1992-03-01,"mobil",-0.038384
1992-03-01,"crsp",-0.02368
1992-04-01,"ge",0.011551
1992-04-01,"ibm",0.086826
1992-04-01,"mobil",0.086134
1992-04-01,"crsp",0.013838
1992-05-01,"ge",-0.003263
1992-05-01,"ibm",0.013333
1992-05-01,"mobil",0.018182
1992-05-01,"crsp",0.006497
1992-06-01,"ge",0.025205
1992-06-01,"ibm",0.078512
1992-06-01,"mobil",-0.053846
1992-06-01,"crsp",-0.019241
1992-07-01,"ge",-0.016077
1992-07-01,"ibm",-0.031928
1992-07-01,"mobil",0.058943
1992-07-01,"crsp",0.039942
1992-08-01,"ge",-0.03268
1992-08-01,"ibm",-0.072982
1992-08-01,"mobil",0.008445
1992-08-01,"crsp",-0.020754
1992-09-01,"ge",0.065405
1992-09-01,"ibm",-0.067821
1992-09-01,"mobil",0.00578
1992-09-01,"crsp",0.012426
1992-10-01,"ge",-0.019169
1992-10-01,"ibm",-0.171827
1992-10-01,"mobil",-0.034483
1992-10-01,"crsp",0.010905
1992-11-01,"ge",0.084691
1992-11-01,"ibm",0.038654
1992-11-01,"mobil",-0.023016
1992-11-01,"crsp",0.040181
1992-12-01,"ge",0.034595
1992-12-01,"ibm",-0.261905
1992-12-01,"mobil",0.039095
1992-12-01,"crsp",0.017482
1993-01-01,"ge",0.00731
1993-01-01,"ibm",0.022333
1993-01-01,"mobil",0.007921
1993-01-01,"crsp",0.012331
1993-02-01,"ge",-0.023222
1993-02-01,"ibm",0.066311
1993-02-01,"mobil",0.071513
1993-02-01,"crsp",0.005486
1993-03-01,"ge",0.066924
1993-03-01,"ibm",-0.064368
1993-03-01,"mobil",0.020408
1993-03-01,"crsp",0.025029
1993-04-01,"ge",0.01683
1993-04-01,"ibm",-0.044226
1993-04-01,"mobil",0.030909
1993-04-01,"crsp",-0.025503
1993-05-01,"ge",0.023448
1993-05-01,"ibm",0.095938
1993-05-01,"mobil",-0.004586
1993-05-01,"crsp",0.029422
1993-06-01,"ge",0.039137
1993-06-01,"ibm",-0.063981
1993-06-01,"mobil",0.071685
1993-06-01,"crsp",0.005123
1993-07-01,"ge",0.028721
1993-07-01,"ibm",-0.098734
1993-07-01,"mobil",0.008361
1993-07-01,"crsp",-0.000773
1993-08-01,"ge",-0.002538
1993-08-01,"ibm",0.033708
1993-08-01,"mobil",0.042123
1993-08-01,"crsp",0.039344
1993-09-01,"ge",-0.017761
1993-09-01,"ibm",-0.081967
1993-09-01,"mobil",0.049839
1993-09-01,"crsp",0.000598
1993-10-01,"ge",0.011734
1993-10-01,"ibm",0.095238
1993-10-01,"mobil",-0.001531
1993-10-01,"crsp",0.01803
1993-11-01,"ge",0.014175
1993-11-01,"ibm",0.17663
1993-11-01,"mobil",-0.052454
1993-11-01,"crsp",-0.017317
1993-12-01,"ge",0.073393
1993-12-01,"ibm",0.048724
1993-12-01,"mobil",0.036007
1993-12-01,"crsp",0.019438
1994-01-01,"ge",0.027414
1994-01-01,"ibm",0
1994-01-01,"mobil",0.023697
1994-01-01,"crsp",0.031304
1994-02-01,"ge",-0.022042
1994-02-01,"ibm",-0.059735
1994-02-01,"mobil",-0.018827
1994-02-01,"crsp",-0.024074
1994-03-01,"ge",-0.044176
1994-03-01,"ibm",0.033097
1994-03-01,"mobil",-0.054054
1994-03-01,"crsp",-0.045743
1994-04-01,"ge",-0.0475
1994-04-01,"ibm",0.052632
1994-04-01,"mobil",0.052101
1994-04-01,"crsp",0.009815
1994-05-01,"ge",0.044619
1994-05-01,"ibm",0.1
1994-05-01,"mobil",0.046006
1994-05-01,"crsp",0.009504
1994-06-01,"ge",-0.055578
1994-06-01,"ibm",-0.06746
1994-06-01,"mobil",0.006173
1994-06-01,"crsp",-0.027381
1994-07-01,"ge",0.080429
1994-07-01,"ibm",0.053191
1994-07-01,"mobil",0.029141
1994-07-01,"crsp",0.030411
1994-08-01,"ge",-0.012407
1994-08-01,"ibm",0.111111
1994-08-01,"mobil",0.016095
1994-08-01,"crsp",0.042831
1994-09-01,"ge",-0.025427
1994-09-01,"ibm",0.016423
1994-09-01,"mobil",-0.062222
1994-09-01,"crsp",-0.018664
1994-10-01,"ge",0.015584
1994-10-01,"ibm",0.070018
1994-10-01,"mobil",0.086888
1994-10-01,"crsp",0.014875
1994-11-01,"ge",-0.058824
1994-11-01,"ibm",-0.04698
1994-11-01,"mobil",0.001163
1994-11-01,"crsp",-0.037079
1994-12-01,"ge",0.117609
1994-12-01,"ibm",0.038869
1994-12-01,"mobil",-0.01173
1994-12-01,"crsp",0.012752
1995-01-01,"ge",0.009804
1995-01-01,"ibm",-0.018707
1995-01-01,"mobil",0.035312
1995-01-01,"crsp",0.020623
1995-02-01,"ge",0.063107
1995-02-01,"ibm",0.046794
1995-02-01,"mobil",0.007236
1995-02-01,"crsp",0.039655
1995-03-01,"ge",-0.00621
1995-03-01,"ibm",0.091362
1995-03-01,"mobil",0.064655
1995-03-01,"crsp",0.026966
1995-04-01,"ge",0.037037
1995-04-01,"ibm",0.152207
1995-04-01,"mobil",0.024291
1995-04-01,"crsp",0.024903
1995-05-01,"ge",0.035714
1995-05-01,"ibm",-0.014531
1995-05-01,"mobil",0.058498
1995-05-01,"crsp",0.03415
1995-06-01,"ge",-0.020948
1995-06-01,"ibm",0.032258
1995-06-01,"mobil",-0.035176
1995-06-01,"crsp",0.030846
1995-07-01,"ge",0.046563
1995-07-01,"ibm",0.134115
1995-07-01,"mobil",0.018229
1995-07-01,"crsp",0.040675
1995-08-01,"ge",-0.002119
1995-08-01,"ibm",-0.04822
1995-08-01,"mobil",-0.016113
1995-08-01,"crsp",0.009336
1995-09-01,"ge",0.089766
1995-09-01,"ibm",-0.085852
1995-09-01,"mobil",0.045932
1995-09-01,"crsp",0.036391
1995-10-01,"ge",-0.007843
1995-10-01,"ibm",0.029101
1995-10-01,"mobil",0.011292
1995-10-01,"crsp",-0.01115
1995-11-01,"ge",0.061265
1995-11-01,"ibm",-0.003856
1995-11-01,"mobil",0.045161
1995-11-01,"crsp",0.042984
1995-12-01,"ge",0.079479
1995-12-01,"ibm",-0.054334
1995-12-01,"mobil",0.070659
1995-12-01,"crsp",0.015395
1996-01-01,"ge",0.065972
1996-01-01,"ibm",0.187414
1996-01-01,"mobil",-0.008949
1996-01-01,"crsp",0.028081
1996-02-01,"ge",-0.016287
1996-02-01,"ibm",0.132488
1996-02-01,"mobil",-0.001806
1996-02-01,"crsp",0.016042
1996-03-01,"ge",0.03755
1996-03-01,"ibm",-0.092762
1996-03-01,"mobil",0.057013
1996-03-01,"crsp",0.011196
1996-04-01,"ge",-0.008026
1996-04-01,"ibm",-0.031461
1996-04-01,"mobil",-0.007551
1996-04-01,"crsp",0.02513
1996-05-01,"ge",0.071197
1996-05-01,"ibm",-0.006032
1996-05-01,"mobil",-0.009783
1996-05-01,"crsp",0.026733
1996-06-01,"ge",0.048338
1996-06-01,"ibm",-0.0726
1996-06-01,"mobil",-0.00443
1996-06-01,"crsp",-0.007649
1996-07-01,"ge",-0.046571
1996-07-01,"ibm",0.085859
1996-07-01,"mobil",-0.01891
1996-07-01,"crsp",-0.053415
1996-08-01,"ge",0.010638
1996-08-01,"ibm",0.067209
1996-08-01,"mobil",0.034014
1996-08-01,"crsp",0.032191
1996-09-01,"ge",0.100271
1996-09-01,"ibm",0.088525
1996-09-01,"mobil",0.024336
1996-09-01,"crsp",0.052988
1996-10-01,"ge",0.063187
1996-10-01,"ibm",0.036145
1996-10-01,"mobil",0.008639
1996-10-01,"crsp",0.013957
1996-11-01,"ge",0.074935
1996-11-01,"ibm",0.238178
1996-11-01,"mobil",0.046039
1996-11-01,"crsp",0.065701
1996-12-01,"ge",-0.044279
1996-12-01,"ibm",-0.049412
1996-12-01,"mobil",0.009288
1996-12-01,"crsp",-0.011361
1997-01-01,"ge",0.046776
1997-01-01,"ibm",0.035479
1997-01-01,"mobil",0.07362
1997-01-01,"crsp",0.053049
1997-02-01,"ge",-0.006039
1997-02-01,"ibm",-0.081434
1997-02-01,"mobil",-0.056686
1997-02-01,"crsp",-0.000873
1997-03-01,"ge",-0.030182
1997-03-01,"ibm",-0.045217
1997-03-01,"mobil",0.064155
1997-03-01,"crsp",-0.044405
1997-04-01,"ge",0.118388
1997-04-01,"ibm",0.169399
1997-04-01,"mobil",-0.004785
1997-04-01,"crsp",0.0425
1997-05-01,"ge",0.087838
1997-05-01,"ibm",0.079128
1997-05-01,"mobil",0.084115
1997-05-01,"crsp",0.071312
1997-06-01,"ge",0.076605
1997-06-01,"ibm",0.043353
1997-06-01,"mobil",-0.000894
1997-06-01,"crsp",0.044189
1997-07-01,"ge",0.082846
1997-07-01,"ibm",0.171745
1997-07-01,"mobil",0.102397
1997-07-01,"crsp",0.076272
1997-08-01,"ge",-0.107843
1997-08-01,"ibm",-0.03948
1997-08-01,"mobil",-0.04902
1997-08-01,"crsp",-0.036411
1997-09-01,"ge",0.092068
1997-09-01,"ibm",0.045623
1997-09-01,"mobil",0.017182
1997-09-01,"crsp",0.05797
1997-10-01,"ge",-0.050505
1997-10-01,"ibm",-0.070755
1997-10-01,"mobil",-0.008885
1997-10-01,"crsp",-0.034091
1997-11-01,"ge",0.143133
1997-11-01,"ibm",0.113706
1997-11-01,"mobil",-0.012017
1997-11-01,"crsp",0.031223
1997-12-01,"ge",-0.002707
1997-12-01,"ibm",-0.044521
1997-12-01,"mobil",0.003475
1997-12-01,"crsp",0.018058
1998-01-01,"ge",0.056218
1998-01-01,"ibm",-0.056153
1998-01-01,"mobil",-0.051082
1998-01-01,"crsp",0.004452
1998-02-01,"ge",0.003226
1998-02-01,"ibm",0.05962
1998-02-01,"mobil",0.063066
1998-02-01,"crsp",0.072849
1998-03-01,"ge",0.112379
1998-03-01,"ibm",-0.005386
1998-03-01,"mobil",0.060554
1998-03-01,"crsp",0.051306
1998-04-01,"ge",-0.011603
1998-04-01,"ibm",0.115523
1998-04-01,"mobil",0.032626
1998-04-01,"crsp",0.010859
1998-05-01,"ge",-0.021277
1998-05-01,"ibm",0.015922
1998-05-01,"mobil",-0.007014
1998-05-01,"crsp",-0.02543
1998-06-01,"ge",0.089955
1998-06-01,"ibm",-0.022872
1998-06-01,"mobil",-0.017628
1998-06-01,"crsp",0.032986
1998-07-01,"ge",-0.012517
1998-07-01,"ibm",0.154056
1998-07-01,"mobil",-0.082284
1998-07-01,"crsp",-0.023231
1998-08-01,"ge",-0.105521
1998-08-01,"ibm",-0.14834
1998-08-01,"mobil",-0.008961
1998-08-01,"crsp",-0.156572
1998-09-01,"ge",-0.001719
1998-09-01,"ibm",0.140954
1998-09-01,"mobil",0.098553
1998-09-01,"crsp",0.064033
1998-10-01,"ge",0.099764
1998-10-01,"ibm",0.155642
1998-10-01,"mobil",-0.003292
1998-10-01,"crsp",0.074123
1998-11-01,"ge",0.032857
1998-11-01,"ibm",0.113434
1998-11-01,"mobil",0.143782
1998-11-01,"crsp",0.061343
1998-12-01,"ge",0.132503
1998-12-01,"ibm",0.116578
1998-12-01,"mobil",0.013081
1998-12-01,"crsp",0.06316
