educ,ne,nc,west,south,exper,motheduc,fatheduc,brkhme14,sibs,urban,ne18,nc18,south18,west18,urban18,tuit17,tuit18,lwage,expersq
15,0,0,1,0,9,12,12,0,1,1,1,0,0,0,1,7.582914,7.260242,2.486508,81
13,1,0,0,0,8,12,10,1,4,1,1,0,0,0,1,8.595144,9.499537,2.187472,64
15,1,0,0,0,11,12,16,0,2,1,1,0,0,0,1,7.311346,7.311346,2.741764,121
15,1,0,0,0,6,12,12,0,1,1,1,0,0,0,1,9.499537,10.16207,2.590267,36
13,1,0,0,0,15,12,15,1,2,1,1,0,0,0,1,7.311346,7.311346,2.404249,225
18,1,0,0,0,8,12,12,0,2,1,1,0,0,0,1,7.311346,7.311346,2.861201,64
13,1,0,0,0,13,13,12,0,5,1,1,0,0,0,1,7.394907,7.394907,3.049133,169
12,0,0,0,1,14,12,12,1,4,0,1,0,0,0,1,7.394907,7.394907,2.456773,196
13,1,0,0,0,9,10,12,1,3,1,1,0,0,0,1,6.641155,5.851309,2.830924,81
12,1,0,0,0,9,14,12,0,1,1,1,0,0,0,1,5.851309,6.053333,2.445686,81
12,1,0,0,0,13,9,10,1,2,1,1,0,0,0,1,7.394907,7.394907,2.695628,169
12,1,0,0,0,14,12,16,0,1,0,1,0,0,0,1,7.394907,7.394907,3.030094,196
17,0,0,1,0,4,17,16,0,1,1,1,0,0,0,1,5.851309,6.053333,3.356329,16
13,1,0,0,0,8,16,16,0,3,1,1,0,0,0,1,6.053333,6.125471,2.525729,64
17,1,0,0,0,7,16,18,0,2,1,1,0,0,0,1,7.394907,7.394907,3.579933,49
16,1,0,0,0,10,5,4,0,2,1,1,0,0,0,1,7.394907,7.394907,3.152874,100
16,1,0,0,0,10,10,6,0,1,1,1,0,0,0,1,7.394907,7.394907,2.811897,100
15,1,0,0,0,9,12,9,0,1,1,1,0,0,0,1,7.394907,6.641155,2.775403,81
15,1,0,0,0,8,11,9,0,2,1,1,0,0,0,1,6.641155,5.851309,2.486508,64
20,1,0,0,0,6,11,8,0,2,1,0,0,0,1,1,7.394907,7.394907,2.144158,36
14,1,0,0,0,11,10,12,0,2,0,1,0,0,0,1,7.582914,7.582914,2.782158,121
15,1,0,0,0,8,16,12,0,2,1,1,0,0,0,1,6.641155,5.851309,2.671448,64
13,1,0,0,0,13,14,15,0,7,1,1,0,0,0,1,7.394907,7.394907,2.984475,169
16,1,0,0,0,8,13,14,0,3,1,0,0,0,1,1,7.394907,7.394907,2.638694,64
11,1,0,0,0,12,9,12,0,5,1,1,0,0,0,1,7.394907,6.641155,2.88617,144
12,1,0,0,0,8,9,12,0,5,1,1,0,0,0,1,6.053333,6.125471,2.403126,64
11,1,0,0,0,11,12,12,0,3,1,1,0,0,0,1,6.641155,5.851309,2.074454,121
12,1,0,0,0,10,12,12,1,2,1,1,0,0,0,1,5.851309,6.053333,2.544421,100
12,1,0,0,0,13,12,14,1,0,1,1,0,0,0,1,7.394907,7.394907,2.503967,169
9,1,0,0,0,12,12,12,0,3,1,1,0,0,0,1,6.053333,6.125471,2.98266,144
16,0,1,0,0,7,16,17,0,2,1,1,0,0,0,1,7.394907,6.641155,3.164809,49
14,1,0,0,0,8,16,18,0,2,1,1,0,0,0,1,6.641155,5.851309,2.880421,64
13,1,0,0,0,10,10,12,0,3,0,1,0,0,0,1,6.641155,5.851309,2.428736,100
15,0,0,1,0,8,13,12,0,0,1,0,0,0,1,1,15.00826,15.00826,2.574831,64
11,0,0,0,1,13,12,12,0,2,1,1,0,0,0,1,7.833584,7.833584,2.753639,169
12,1,0,0,0,8,12,12,0,3,1,1,0,0,0,1,15.17254,15.13789,2.026976,64
14,1,0,0,0,6,12,12,0,2,1,1,0,0,0,1,13.93464,15.17254,2.432514,36
18,1,0,0,0,3,16,17,0,2,1,1,0,0,0,1,14.46297,13.93464,2.70482,9
16,1,0,0,0,11,12,12,0,1,1,1,0,0,0,1,15.08226,15.08226,3.110594,121
14,1,0,0,0,6,12,12,0,1,1,1,0,0,0,1,13.93464,15.17254,2.745852,36
17,0,0,1,0,8,10,16,0,1,1,1,0,0,0,1,15.08226,15.08226,3.211213,64
17,1,0,0,0,3,20,16,0,1,1,1,0,0,0,1,13.93464,15.17254,2.574632,9
16,1,0,0,0,5,16,17,0,1,1,1,0,0,0,1,14.46297,13.93464,2.632827,25
12,1,0,0,0,14,12,12,0,2,1,1,0,0,0,1,15.08226,15.08226,2.484907,196
15,1,0,0,0,12,13,20,0,1,1,1,0,0,0,1,15.08226,15.08226,4.109144,144
14,0,0,1,0,10,16,16,0,1,1,1,0,0,0,0,15.08226,15.00826,2.554323,100
8,1,0,0,0,14,9,10,1,2,1,1,0,0,0,1,14.46297,13.93464,2.353878,196
15,1,0,0,0,7,12,12,0,2,1,1,0,0,0,1,14.46297,14.46297,2.553185,49
12,1,0,0,0,12,12,16,0,3,1,1,0,0,0,1,15.08226,15.00826,2.831256,144
15,1,0,0,0,7,12,16,0,3,1,1,0,0,0,1,14.46297,13.93464,2.70987,49
15,1,0,0,0,12,12,12,0,2,1,1,0,0,0,1,15.08226,15.08226,4.205885,144
15,1,0,0,0,5,12,8,0,2,1,1,0,0,0,1,13.93464,15.17254,2.129833,25
13,1,0,0,0,10,10,14,0,3,0,1,0,0,0,1,15.00826,14.46297,1.581992,100
12,1,0,0,0,8,10,15,0,3,1,1,0,0,0,1,13.93464,15.17254,1.751799,64
10,1,0,0,0,13,9,9,0,7,1,1,0,0,0,1,15.08226,15.00826,1.534162,169
14,1,0,0,0,7,12,12,0,3,0,1,0,0,0,1,14.46297,13.93464,2.905218,49
12,1,0,0,0,14,12,12,0,3,1,1,0,0,0,0,15.08226,15.08226,2.440735,196
16,0,0,0,1,5,12,12,0,3,1,1,0,0,0,1,13.93464,15.17254,2.772589,25
19,0,0,0,1,7,13,8,1,4,1,1,0,0,0,1,15.08226,15.08226,2.404634,49
8,1,0,0,0,15,16,8,1,4,1,1,0,0,0,1,15.08226,15.00826,1.814005,225
11,1,0,0,0,9,8,12,1,2,1,1,0,0,0,1,13.93464,15.17254,2.041076,81
12,1,0,0,0,14,12,12,0,2,1,1,0,0,0,1,15.08226,15.08226,2.215261,196
14,1,0,0,0,10,12,18,0,3,1,1,0,0,0,1,15.08226,15.00826,2.793993,100
16,1,0,0,0,6,12,8,0,3,1,1,0,0,0,1,14.46297,13.93464,2.320129,36
12,1,0,0,0,11,12,12,0,4,1,1,0,0,0,1,15.00826,14.46297,2.511544,121
15,1,0,0,0,10,12,18,0,0,1,1,0,0,0,1,15.08226,15.08226,3.312402,100
13,0,0,0,1,12,12,12,1,6,1,1,0,0,0,1,15.08226,15.08226,2.668829,144
12,1,0,0,0,13,16,13,0,2,1,1,0,0,0,1,15.08226,15.08226,1.570217,169
12,0,0,0,1,10,12,14,0,1,1,1,0,0,0,1,15.00826,14.46297,2.705197,100
18,1,0,0,0,5,13,13,0,3,1,1,0,0,0,1,15.08226,15.00826,2.878925,25
12,1,0,0,0,14,12,12,0,5,1,1,0,0,0,1,12.38751,12.38751,2.928074,196
12,1,0,0,0,12,12,8,0,4,1,1,0,0,0,1,12.38751,12.38751,2.668829,144
11,1,0,0,0,10,11,10,0,3,1,1,0,0,0,1,11.96709,12.39135,2.263364,100
11,1,0,0,0,10,12,12,0,2,1,1,0,0,0,1,12.39135,12.42031,2.212071,100
15,1,0,0,0,10,12,18,0,2,0,1,0,0,0,1,12.38751,12.38751,2.149075,100
12,1,0,0,0,9,12,12,0,2,1,1,0,0,0,1,11.96709,12.39135,2.054749,81
12,1,0,0,0,13,12,10,0,1,1,1,0,0,0,1,12.38751,12.38751,3.055246,169
15,1,0,0,0,7,12,16,0,3,1,1,0,0,0,1,9.867887,9.769236,2.981204,49
15,0,0,1,0,8,12,8,0,2,1,1,0,0,0,1,10.20562,9.867887,2.636983,64
12,1,0,0,0,15,12,12,0,4,1,1,0,0,0,1,11.15503,11.15503,4.000216,225
15,1,0,0,0,7,12,12,0,4,1,1,0,0,0,1,10.20562,9.867887,2.578778,49
12,1,0,0,0,8,12,12,1,4,1,1,0,0,0,1,9.769236,9.343459,2.171849,64
11,1,0,0,0,11,12,12,0,3,1,1,0,0,0,1,10.20562,9.867887,2.76414,121
15,1,0,0,0,12,12,13,0,3,1,1,0,0,0,1,7.311346,7.311346,3.953792,144
15,1,0,0,0,12,12,12,0,3,1,1,0,0,0,1,5.849079,5.849079,3.13952,144
12,1,0,0,0,15,12,13,0,3,0,1,0,0,0,1,11.15503,11.15503,1.760086,225
15,1,0,0,0,10,14,14,0,8,1,1,0,0,0,1,11.15503,11.15503,2.527183,100
14,1,0,0,0,7,14,14,0,8,1,1,0,0,0,1,9.867887,9.769236,2.690088,49
11,1,0,0,0,13,4,4,0,2,1,1,0,0,0,1,11.15503,11.15503,1.658103,169
12,1,0,0,0,13,11,12,0,3,1,1,0,0,0,1,15.08226,15.08226,2.81675,169
12,1,0,0,0,10,11,12,0,3,1,1,0,0,0,1,14.46297,13.93464,2.557662,100
7,1,0,0,0,21,12,10,0,9,1,1,0,0,0,1,15.08226,15.08226,2.219467,441
12,1,0,0,0,12,12,12,0,5,1,1,0,0,0,1,15.08226,15.00826,2.715219,144
16,0,0,0,1,11,16,16,0,6,1,1,0,0,0,1,15.08226,15.08226,3.106211,121
12,1,0,0,0,12,12,12,1,5,0,1,0,0,0,0,15.08226,15.00826,2.599837,144
12,1,0,0,0,13,14,11,0,7,0,1,0,0,0,1,15.08226,15.08226,2.728113,169
12,1,0,0,0,12,12,16,0,1,1,1,0,0,0,1,15.08226,15.08226,2.61139,144
19,0,0,1,0,8,16,20,0,2,1,0,1,0,0,1,7.311346,7.311346,2.908536,64
19,1,0,0,0,7,16,20,0,2,1,1,0,0,0,1,7.311346,7.311346,2.510515,49
12,1,0,0,0,14,12,12,0,2,1,1,0,0,0,1,12.38751,12.38751,1.956634,196
12,1,0,0,0,12,12,11,0,2,1,1,0,0,0,1,12.38751,12.36305,1.520207,144
12,1,0,0,0,9,8,8,0,4,1,1,0,0,0,1,11.96709,12.39135,2.598299,81
12,1,0,0,0,11,7,12,1,5,1,1,0,0,0,1,12.38751,12.36305,2.405886,121
12,1,0,0,0,11,12,12,0,0,1,1,0,0,0,1,12.38751,12.36305,2.605771,121
12,1,0,0,0,9,12,9,0,1,1,1,0,0,0,1,11.96709,12.39135,2.569531,81
14,1,0,0,0,9,16,14,0,1,1,1,0,0,0,1,12.36305,11.96709,2.158004,81
15,1,0,0,0,5,14,16,0,1,1,1,0,0,0,1,12.42031,12.81319,2.263899,25
12,1,0,0,0,9,12,12,1,3,1,1,0,0,0,1,12.39135,12.42031,2.040221,81
12,1,0,0,0,8,12,12,0,4,1,1,0,0,0,1,12.42031,12.81319,2.383166,64
16,1,0,0,0,10,12,14,0,2,1,1,0,0,0,1,12.38751,12.38751,3.123566,100
15,1,0,0,0,10,15,14,0,2,1,1,0,0,0,1,12.38751,12.38751,2.691009,100
15,1,0,0,0,8,12,18,0,2,1,1,0,0,0,1,12.38751,12.36305,2.87855,64
12,1,0,0,0,13,12,12,0,1,1,1,0,0,0,1,12.38751,12.38751,1.604974,169
13,1,0,0,0,12,12,12,0,3,1,1,0,0,0,1,12.38751,12.38751,2.533572,144
15,1,0,0,0,11,12,12,0,3,1,1,0,0,0,1,12.38751,12.38751,2.615585,121
10,0,1,0,0,13,8,6,1,4,1,0,1,0,0,1,9.417682,8.826549,0.965081,169
12,0,1,0,0,9,12,12,0,1,1,0,1,0,0,1,8.826549,9.349703,2.030824,81
17,0,1,0,0,10,12,12,0,2,1,0,1,0,0,1,9.692757,9.692757,2.733368,100
18,0,0,0,1,9,16,16,0,2,1,0,1,0,0,1,9.692757,9.692757,3.79202,81
17,0,1,0,0,8,16,16,0,2,1,0,1,0,0,1,9.692757,9.692757,2.645075,64
12,0,1,0,0,16,12,10,0,4,1,0,1,0,0,1,9.692757,9.692757,2.403126,256
11,0,1,0,0,12,12,10,0,4,1,0,1,0,0,1,9.692757,9.417682,1.944522,144
12,0,0,1,0,9,12,14,0,2,1,0,1,0,0,1,8.826549,9.349703,2.840439,81
14,0,1,0,0,10,12,18,0,3,1,0,1,0,0,1,9.692757,9.417682,2.750659,100
12,0,1,0,0,8,12,12,0,3,1,0,1,0,0,1,9.349703,10.44435,2.678491,64
12,0,1,0,0,12,16,12,0,3,1,0,1,0,0,1,9.692757,9.692757,2.851526,144
12,0,1,0,0,13,12,12,0,3,1,0,1,0,0,1,9.692757,9.692757,2.191663,169
12,0,1,0,0,13,11,11,0,2,1,0,1,0,0,1,9.692757,9.692757,3.194509,169
9,0,1,0,0,11,9,10,0,4,1,0,1,0,0,1,7.356897,7.748579,0.603916,121
10,0,1,0,0,11,8,7,0,9,1,0,1,0,0,1,7.305873,7.356897,1.570217,121
10,0,0,0,1,12,8,8,1,3,1,0,1,0,0,1,7.305873,7.305873,1.975682,144
12,0,1,0,0,13,12,12,0,1,1,0,1,0,0,1,8.334936,8.334936,2.239024,169
11,0,1,0,0,16,9,16,0,5,1,0,1,0,0,1,8.334936,8.334936,2.387417,256
12,0,1,0,0,11,12,16,0,3,1,0,1,0,0,1,8.334936,7.823056,2.079442,121
16,0,1,0,0,7,12,16,0,7,1,0,1,0,0,1,8.334936,7.823056,2.326326,49
15,0,1,0,0,12,12,12,0,3,1,0,1,0,0,1,8.334936,8.334936,3.310683,144
16,0,1,0,0,8,12,16,0,4,1,0,1,0,0,1,8.334936,8.334936,2.95027,64
12,0,0,1,0,13,12,18,0,2,1,0,1,0,0,1,8.334936,8.334936,1.482438,169
17,0,0,1,0,6,12,13,0,1,1,0,0,1,0,1,7.823056,7.305873,2.203088,36
13,0,1,0,0,13,12,12,0,5,1,0,1,0,0,1,8.334936,8.334936,2.195487,169
12,0,1,0,0,12,12,12,0,5,1,0,1,0,0,1,8.334936,8.334936,2.833613,144
12,0,1,0,0,12,12,12,0,4,1,0,1,0,0,1,8.334936,8.334936,1.32332,144
12,0,1,0,0,8,12,12,0,4,1,0,1,0,0,1,7.356897,7.748579,1.738896,64
12,0,1,0,0,8,12,16,1,3,1,0,1,0,0,1,7.748579,8.683432,2.227389,64
17,0,1,0,0,7,14,16,0,1,1,0,1,0,0,1,8.334936,7.823056,2.445686,49
18,0,0,1,0,10,12,16,0,4,1,0,1,0,0,1,8.334936,8.334936,2.563469,100
12,0,1,0,0,14,12,12,1,1,1,0,1,0,0,1,8.334936,8.334936,2.727468,196
12,0,1,0,0,15,12,15,1,1,1,0,1,0,0,1,8.334936,8.334936,2.253795,225
13,0,0,0,1,13,6,12,1,7,1,0,1,0,0,1,8.334936,8.334936,2.071473,169
15,0,1,0,0,8,16,16,0,3,1,0,1,0,0,1,8.334936,7.823056,2.331573,64
12,0,1,0,0,10,11,12,0,5,1,0,1,0,0,1,7.305873,7.356897,2.753456,100
12,0,1,0,0,8,11,14,0,5,1,0,1,0,0,1,7.356897,7.748579,3.563716,64
12,0,1,0,0,9,16,16,0,7,1,0,1,0,0,1,7.356897,7.748579,2.445686,81
12,0,1,0,0,10,16,12,1,1,1,0,1,0,0,1,7.305873,7.356897,2.420368,100
12,0,1,0,0,10,9,9,0,3,1,0,1,0,0,1,7.305873,7.356897,2.205211,100
8,0,1,0,0,15,10,10,1,2,1,0,1,0,0,1,14.07024,13.38858,2.846381,225
8,0,1,0,0,13,10,10,1,2,1,0,1,0,0,1,13.63498,14.25512,1.992897,169
10,0,1,0,0,13,13,14,0,2,1,0,1,0,0,1,14.07024,13.38858,2.486508,169
20,0,0,1,0,6,12,14,0,2,1,0,1,0,0,1,18.17392,18.17392,1.724368,36
15,0,0,1,0,8,12,14,0,2,1,0,1,0,0,1,18.17392,14.07024,3.140653,64
12,0,1,0,0,12,12,18,0,1,1,0,1,0,0,1,18.17392,18.17392,2.674366,144
16,0,1,0,0,12,17,17,0,2,1,0,1,0,0,1,18.17392,18.17392,3.07995,144
17,0,1,0,0,8,16,13,1,0,1,0,1,0,0,1,18.17392,18.17392,2.679879,64
12,0,1,0,0,14,12,16,0,5,1,0,1,0,0,1,18.17392,18.17392,2.733368,196
16,0,1,0,0,6,12,16,0,1,1,0,1,0,0,1,14.07024,13.38858,2.490081,36
13,0,1,0,0,8,12,10,0,2,1,0,1,0,0,1,13.63498,14.25512,2.206332,64
12,0,1,0,0,12,11,8,0,4,1,0,1,0,0,1,18.17392,14.07024,2.129833,144
12,0,1,0,0,13,12,12,0,2,1,0,1,0,0,1,9.692757,9.692757,3.168594,169
12,0,1,0,0,10,12,12,0,2,1,0,1,0,0,1,9.417682,8.826549,0.223143,100
16,0,1,0,0,5,12,12,0,2,1,0,1,0,0,1,8.826549,9.349703,2.865166,25
12,0,1,0,0,12,10,14,0,2,1,0,1,0,0,1,9.692757,9.692757,2.184802,144
12,0,1,0,0,16,3,12,0,5,1,0,1,0,0,1,9.692757,9.692757,2.668829,256
9,0,1,0,0,15,12,12,0,2,1,0,1,0,0,1,9.692757,9.692757,1.329478,225
8,0,1,0,0,16,12,12,0,2,1,0,1,0,0,1,9.692757,9.417682,0.747955,256
13,0,1,0,0,10,11,10,0,0,0,0,1,0,0,1,9.417682,8.826549,2.631089,100
10,0,1,0,0,14,9,9,1,4,1,0,1,0,0,1,9.692757,9.417682,2.009449,196
15,0,1,0,0,11,9,6,1,4,1,0,1,0,0,1,9.692757,9.692757,1.962152,121
12,0,0,0,1,11,8,8,1,4,0,0,1,0,0,1,9.692757,9.417682,1.956634,121
11,0,1,0,0,9,12,9,0,2,1,0,1,0,0,1,9.349703,10.44435,1.64069,81
10,0,1,0,0,16,12,10,0,3,1,0,1,0,0,0,9.692757,9.692757,1.666596,256
12,0,1,0,0,13,12,12,0,2,1,0,1,0,0,0,9.692757,9.692757,2.638794,169
12,0,0,0,1,14,8,6,0,5,1,0,1,0,0,1,9.692757,9.692757,2.116567,196
11,0,1,0,0,15,11,12,1,6,0,0,1,0,0,1,9.692757,9.692757,2.244679,225
12,0,0,1,0,14,12,12,0,2,1,0,1,0,0,0,9.692757,9.692757,3.5674,196
14,0,1,0,0,10,12,12,0,3,0,0,1,0,0,1,9.692757,9.692757,2.76414,100
12,0,1,0,0,15,12,12,0,3,0,0,1,0,0,0,9.692757,9.692757,2.769546,225
12,0,1,0,0,13,12,12,0,3,0,0,1,0,0,1,9.692757,9.692757,3.010846,169
11,0,1,0,0,9,12,8,1,6,1,0,1,0,0,1,9.349703,10.44435,2.002481,81
12,0,1,0,0,11,13,14,0,3,0,0,1,0,0,1,9.417682,8.826549,3.012539,121
15,0,0,0,1,6,13,14,0,3,1,0,1,0,0,1,8.826549,9.349703,3.057175,36
9,0,1,0,0,13,12,12,0,3,1,0,1,0,0,1,14.07024,13.38858,2.212071,169
12,0,1,0,0,12,12,12,0,1,1,0,1,0,0,1,18.17392,18.17392,2.277106,144
12,0,1,0,0,13,12,14,0,1,1,0,1,0,0,1,18.17392,18.17392,2.321622,169
14,0,1,0,0,10,10,12,0,4,1,0,1,0,0,1,18.17392,18.17392,1.588329,100
15,0,1,0,0,8,12,13,0,2,1,0,1,0,0,1,18.17392,14.07024,2.721896,64
15,0,1,0,0,7,12,13,0,2,1,0,1,0,0,1,14.07024,13.38858,2.523789,49
15,0,1,0,0,5,12,13,0,2,1,0,1,0,0,1,13.63498,14.25512,2.322423,25
12,0,1,0,0,9,12,11,0,2,1,0,1,0,0,1,13.63498,14.25512,2.628474,81
15,0,1,0,0,9,11,12,0,2,1,0,1,0,0,0,18.17392,18.17392,2.891592,81
12,0,0,0,1,9,12,12,0,4,1,0,1,0,0,1,13.38858,13.63498,2.233204,81
12,0,0,0,1,11,11,6,0,5,0,0,1,0,0,1,14.07024,6.446358,2.24589,121
12,0,1,0,0,11,12,12,0,3,1,0,1,0,0,1,18.17392,14.07024,2.376693,121
15,0,1,0,0,7,12,12,0,3,1,0,1,0,0,1,13.38858,13.63498,3.096568,49
18,0,1,0,0,9,12,12,0,4,1,0,1,0,0,1,18.17392,18.17392,3.138833,81
20,0,1,0,0,5,12,13,0,1,1,0,1,0,0,1,18.17392,18.17392,1.922438,25
12,0,1,0,0,13,16,17,0,1,1,0,1,0,0,1,18.17392,18.17392,2.212071,169
15,0,1,0,0,5,12,14,0,0,1,0,1,0,0,1,13.63498,14.25512,2.792577,25
12,0,1,0,0,15,12,12,0,1,1,0,1,0,0,1,18.17392,18.17392,3.657229,225
14,0,1,0,0,9,12,12,0,1,1,0,1,0,0,1,14.07024,14.07024,1.894972,81
12,0,1,0,0,11,12,16,0,1,1,0,1,0,0,1,18.17392,14.07024,1.956634,121
15,1,0,0,0,10,16,16,0,2,0,0,1,0,0,1,18.17392,18.17392,1.856476,100
16,0,1,0,0,9,12,16,0,1,1,0,1,0,0,1,18.17392,18.17392,3.292984,81
12,0,1,0,0,9,13,11,0,3,1,0,1,0,0,1,10.82658,12.36138,1.429724,81
12,0,1,0,0,11,12,11,0,4,1,0,1,0,0,1,9.755371,10.82658,2.093007,121
12,0,1,0,0,13,13,12,1,1,1,0,1,0,0,1,10.34033,10.34033,2.719128,169
12,0,1,0,0,11,11,12,1,4,1,0,1,0,0,1,9.755371,10.82658,2.146239,121
12,0,1,0,0,13,14,16,0,3,1,0,1,0,0,1,10.34033,10.34033,2.152251,169
17,0,1,0,0,5,12,16,0,3,1,0,1,0,0,1,9.755371,10.82658,2.557323,25
12,0,1,0,0,13,12,16,0,1,1,0,1,0,0,1,10.34033,10.34033,2.494476,169
9,1,0,0,0,11,12,13,0,5,1,0,1,0,0,1,12.36138,12.25094,2.115829,121
15,0,1,0,0,9,16,17,0,4,0,0,1,0,0,1,10.34033,10.34033,2.785674,81
17,0,1,0,0,6,16,17,0,4,1,0,1,0,0,1,9.755371,10.82658,2.441263,36
15,0,1,0,0,9,16,16,0,6,1,0,1,0,0,1,10.34033,10.34033,2.590267,81
15,0,1,0,0,7,16,16,0,6,1,0,1,0,0,1,9.755371,10.82658,2.312155,49
12,0,1,0,0,14,14,14,1,3,1,0,1,0,0,0,10.34033,10.34033,2.416314,196
17,0,1,0,0,9,12,14,0,4,0,0,1,0,0,1,10.34033,10.34033,2.962002,81
12,0,1,0,0,12,12,14,0,4,1,0,1,0,0,1,10.34033,10.34033,2.621436,144
15,0,1,0,0,12,11,10,0,7,1,0,1,0,0,0,10.34033,10.34033,1.433577,144
15,0,1,0,0,7,13,16,0,1,1,0,1,0,0,1,10.82658,12.36138,2.327561,49
15,0,1,0,0,8,12,12,0,4,1,0,1,0,0,1,10.34033,9.755371,1.962757,64
12,0,1,0,0,13,12,12,0,3,1,0,1,0,0,1,11.28037,11.28037,2.223448,169
15,0,1,0,0,7,12,12,0,3,1,0,1,0,0,1,10.54558,10.11386,2.843596,49
12,0,1,0,0,8,12,12,0,3,1,0,1,0,0,1,10.11386,11.58758,2.062156,64
12,0,1,0,0,12,10,11,0,6,1,0,1,0,0,1,11.28037,11.28037,3.005302,144
15,0,1,0,0,8,12,13,0,2,1,0,1,0,0,1,10.76843,10.54558,2.853298,64
15,0,1,0,0,12,12,14,0,2,1,0,1,0,0,1,11.28037,11.28037,3.184914,144
14,0,1,0,0,8,12,12,0,6,1,0,1,0,0,1,10.76843,10.54558,2.154165,64
13,0,1,0,0,13,12,12,0,3,1,0,1,0,0,1,11.28037,11.28037,3.188104,169
17,0,1,0,0,8,12,12,0,0,1,0,1,0,0,1,11.28037,11.28037,3.033088,64
16,0,1,0,0,10,12,12,0,1,1,0,1,0,0,1,11.28037,11.28037,2.309652,100
15,0,1,0,0,7,12,12,0,1,0,0,1,0,0,1,10.54558,10.11386,1.954573,49
12,0,1,0,0,9,12,12,0,3,1,0,1,0,0,1,10.54558,10.11386,2.751153,81
12,0,1,0,0,14,12,12,0,2,1,0,1,0,0,0,11.28037,11.28037,2.793993,196
12,0,1,0,0,9,12,12,0,2,1,0,1,0,0,1,10.54558,10.11386,2.040221,81
12,0,1,0,0,11,12,12,0,6,0,0,1,0,0,1,11.28037,10.76843,2.411784,121
14,0,1,0,0,11,15,16,0,3,1,0,1,0,0,1,11.28037,11.28037,3.745567,121
15,0,0,0,1,9,15,16,0,3,1,0,1,0,0,1,11.28037,10.76843,3.149467,81
15,0,1,0,0,7,15,16,0,3,1,0,1,0,0,1,10.76843,10.54558,3.124494,49
12,0,1,0,0,13,12,12,0,4,0,0,1,0,0,0,11.28037,11.28037,2.54312,169
12,0,1,0,0,10,12,12,0,2,1,0,1,0,0,1,10.76843,10.54558,2.413251,100
12,0,1,0,0,9,11,12,0,3,1,0,1,0,0,1,10.11386,11.58758,2.212071,81
15,0,1,0,0,11,12,20,0,7,1,0,1,0,0,1,11.28037,11.28037,3.000187,121
15,0,1,0,0,10,12,16,0,3,1,0,1,0,0,1,11.28037,11.28037,2.600692,100
12,0,1,0,0,12,12,15,0,2,1,0,1,0,0,1,8.334936,7.823056,1.481338,144
12,0,1,0,0,8,12,12,0,1,1,0,1,0,0,1,5.708711,5.956101,2.212071,64
12,0,1,0,0,15,12,11,0,2,1,0,1,0,0,1,8.334936,8.334936,3.404279,225
15,0,1,0,0,5,10,12,0,2,1,0,1,0,0,1,5.708711,5.956101,2.90249,25
12,0,1,0,0,10,12,12,0,0,0,0,1,0,0,1,5.504197,5.708711,2.599837,100
12,0,1,0,0,10,8,8,0,3,0,0,1,0,0,1,5.504197,5.708711,1.817077,100
14,0,1,0,0,6,9,8,0,3,1,0,1,0,0,1,5.708711,5.956101,1.832582,36
15,0,1,0,0,11,16,16,0,2,0,0,1,0,0,1,18.17392,18.17392,2.734834,121
8,0,1,0,0,13,12,16,1,6,1,0,1,0,0,1,7.438104,6.742574,2.536284,169
12,0,1,0,0,8,12,9,0,2,1,0,1,0,0,1,6.742574,7.198132,1.665527,64
16,0,1,0,0,7,8,12,0,2,1,0,1,0,0,1,9.400303,8.442143,2.555463,49
17,0,0,1,0,5,12,12,0,3,1,0,1,0,0,1,8.442143,7.438104,3.358377,25
15,0,1,0,0,6,12,12,0,3,1,0,1,0,0,1,7.438104,6.742574,2.54117,36
16,0,1,0,0,9,12,16,1,1,1,0,1,0,0,1,9.400303,9.400303,2.335256,81
12,0,1,0,0,13,10,14,0,6,0,0,1,0,0,1,9.400303,9.400303,1.860752,169
12,0,1,0,0,14,12,12,1,3,1,0,1,0,0,1,9.400303,9.400303,2.905218,196
12,0,1,0,0,15,12,12,0,7,1,0,1,0,0,1,9.400303,9.400303,2.634928,225
13,0,0,0,1,10,16,16,0,3,1,0,0,1,0,1,7.879335,7.933977,2.446455,100
12,0,0,0,1,12,8,12,0,1,1,0,0,1,0,0,8.355827,7.879335,2.488138,144
10,0,0,0,1,17,8,5,0,8,0,0,0,1,0,0,8.355827,8.355827,2.212071,289
12,1,0,0,0,14,12,9,0,2,1,0,0,1,0,0,8.355827,8.355827,2.501472,196
11,0,0,0,1,16,12,7,0,1,0,0,0,1,0,0,8.355827,8.355827,1.986154,256
14,0,0,0,1,13,16,16,0,4,1,0,0,1,0,1,8.355827,8.355827,2.08613,169
13,0,0,0,1,11,16,16,0,4,1,0,0,1,0,1,8.355827,8.355827,2.108527,121
15,0,0,0,1,12,14,16,0,1,1,0,0,1,0,1,8.355827,8.355827,4.374909,144
12,0,0,0,1,16,12,16,0,0,0,0,0,1,0,1,8.355827,8.355827,2.748872,256
10,0,0,0,1,11,13,12,0,3,1,0,0,1,0,1,7.35546,6.922371,2.158004,121
15,0,0,0,1,8,12,18,1,3,1,0,0,1,0,1,7.597932,7.35546,2.399096,64
12,0,0,0,1,10,12,14,0,3,1,0,0,1,0,1,7.128922,6.611647,3.411248,100
15,0,0,0,1,10,14,11,0,2,1,0,0,1,0,1,7.520245,7.520245,2.802047,100
15,0,0,0,1,5,12,18,0,2,1,0,0,1,0,1,6.4429,6.633571,2.250075,25
13,0,0,0,1,13,14,9,0,2,1,0,0,1,0,1,7.520245,7.520245,2.701619,169
15,0,0,0,1,7,12,12,0,2,1,0,0,1,0,1,7.128922,6.611647,1.746022,49
8,0,0,0,1,14,10,12,1,5,1,0,0,1,0,1,6.611647,6.4429,1.464857,196
12,0,0,1,0,11,12,13,0,4,1,0,0,0,1,1,7.597932,7.597932,2.956511,121
11,0,0,0,1,15,11,11,0,3,0,0,0,1,0,1,7.833584,7.833584,2.111965,225
13,0,0,0,1,9,13,12,1,2,1,0,0,1,0,1,7.597932,7.35546,2.100845,81
9,0,0,0,1,11,12,12,0,1,1,0,0,1,0,1,6.922371,7.141676,0.465215,121
9,0,0,0,1,16,12,12,1,2,1,0,0,1,0,1,7.833584,7.833584,2.775928,256
12,0,0,0,1,12,12,12,0,5,1,0,0,1,0,1,7.833584,7.833584,2.087474,144
11,0,0,0,1,13,12,12,0,2,1,0,0,1,0,1,7.833584,7.833584,2.214117,169
13,0,0,0,1,10,12,12,1,4,1,0,0,1,0,1,7.833584,7.597932,2.404249,100
15,0,0,0,1,12,11,11,1,4,1,0,0,1,0,0,5.849079,5.849079,2.528606,144
15,0,0,0,1,5,14,17,0,1,1,0,0,1,0,1,5.618809,5.292743,2.481821,25
8,0,0,0,1,19,6,3,0,1,0,0,0,1,0,0,4.240583,4.240583,1.917323,361
13,0,0,0,1,14,11,11,0,2,0,0,0,1,0,0,4.240583,4.240583,2.733368,196
12,0,0,0,1,12,8,14,0,5,1,0,0,1,0,1,4.240583,4.240583,2.203645,144
15,0,0,1,0,11,12,8,0,3,1,0,0,1,0,0,4.240583,4.240583,3.332605,121
12,0,0,0,1,13,8,0,0,0,0,0,0,1,0,1,4.240583,4.240583,1.277095,169
8,0,0,0,1,19,6,9,1,2,0,0,1,0,0,1,4.240583,4.240583,1.947604,361
11,0,0,0,1,16,11,4,0,2,0,0,0,1,0,0,4.240583,4.240583,0.60148,256
9,0,0,0,1,16,9,3,0,4,0,0,0,1,0,1,4.240583,4.240583,1.752539,256
12,0,0,0,1,14,10,12,0,3,1,0,0,1,0,1,4.240583,4.240583,2.665979,196
12,0,0,0,1,10,11,12,0,3,1,0,0,1,0,1,5.628096,4.958737,2.398729,100
12,0,0,0,1,9,11,12,0,2,1,0,0,1,0,1,5.292743,6.153614,1.526476,81
12,0,0,0,1,9,12,12,0,1,0,0,0,1,0,1,4.958737,5.618809,2.196156,81
12,0,0,0,1,16,12,12,0,3,1,0,0,1,0,1,4.240583,4.240583,2.358675,256
13,0,0,0,1,11,12,12,0,3,1,0,0,1,0,1,4.240583,4.240583,2.82298,121
14,0,1,0,0,12,12,12,0,1,1,0,0,1,0,1,4.240583,4.240583,3.140233,144
15,0,0,0,1,6,14,20,1,8,1,0,0,1,0,1,4.958737,5.618809,2.851151,36
15,1,0,0,0,9,12,16,0,7,1,1,0,0,0,0,4.240583,4.240583,2.007586,81
15,0,0,0,1,8,12,16,0,7,0,0,0,1,0,1,4.240583,5.628096,2.595079,64
12,0,0,0,1,12,11,11,0,3,1,0,0,1,0,1,4.240583,5.628096,1.734311,144
12,0,0,0,1,14,12,16,0,3,0,0,0,1,0,0,4.240583,4.240583,2.419119,196
12,0,0,0,1,9,12,10,0,1,1,0,0,1,0,1,5.618809,5.292743,2.396194,81
12,0,0,0,1,15,8,8,0,7,1,0,0,1,0,1,4.240583,4.240583,2.525729,225
9,0,0,0,1,11,9,12,0,4,1,0,0,1,0,1,3.895709,7.720351,1.453683,121
12,0,0,0,1,10,12,14,0,2,0,0,0,1,0,1,4.13228,3.895709,1.684095,100
15,0,0,0,1,12,10,20,0,3,1,0,0,1,0,1,2.088957,2.088957,2.783043,144
15,0,0,0,1,9,10,20,0,3,1,0,0,1,0,1,2.088957,2.088957,2.853151,81
10,0,0,0,1,13,6,4,1,5,1,0,0,1,0,1,2.088957,2.251239,0.023257,169
10,0,0,0,1,17,10,10,0,1,1,0,1,0,0,0,2.088957,2.088957,2.124847,289
12,0,0,0,1,15,12,7,0,3,1,0,0,1,0,1,2.088957,2.088957,2.120264,225
17,0,0,0,1,6,13,17,0,2,1,0,0,1,0,1,2.088957,2.251239,2.225483,36
13,0,0,0,1,15,12,10,0,1,1,0,0,1,0,0,5.556623,5.556623,2.995732,225
15,0,0,0,1,9,12,12,1,1,1,0,0,1,0,0,5.556623,5.556623,2.698635,81
12,0,0,0,1,13,6,9,0,1,0,0,0,1,0,1,5.556623,5.556623,3.47019,169
16,0,0,0,1,6,16,16,0,3,1,0,0,1,0,1,6.859587,7.41683,2.872925,36
12,0,0,0,1,13,12,19,0,3,1,0,0,1,0,1,5.556623,5.556623,1.542186,169
13,0,0,0,1,7,14,16,0,3,0,0,0,1,0,1,7.41683,6.986423,2.87855,49
17,0,0,0,1,9,13,12,0,1,1,0,0,1,0,1,5.556623,5.556623,1.936785,81
11,0,0,0,1,11,12,11,0,2,0,0,0,1,0,1,5.703138,6.859587,2.417248,121
13,0,1,0,0,14,12,16,1,9,1,0,0,1,0,1,5.556623,5.556623,1.880372,196
11,0,0,1,0,14,12,13,1,5,1,0,0,0,1,1,7.520245,7.520245,1.764039,196
12,0,0,0,1,13,12,14,0,4,1,0,0,0,1,1,6.057975,6.057975,2.630272,169
14,0,1,0,0,10,12,14,0,4,1,0,0,0,1,1,7.520245,7.297766,2.169054,100
12,0,0,1,0,10,12,14,0,4,0,0,0,0,1,1,9.372014,9.454586,2.546971,100
12,0,0,1,0,10,12,14,0,3,1,0,0,0,1,1,7.297766,9.372014,1.652345,100
18,0,0,1,0,7,15,8,0,6,1,0,0,0,1,0,6.893555,6.893555,2.858261,49
17,0,0,1,0,4,13,14,0,2,1,0,0,0,1,1,9.372014,9.454586,2.253314,16
15,0,0,1,0,8,12,15,0,3,1,0,0,0,1,1,7.297766,9.372014,2.623367,64
10,0,0,1,0,12,12,12,0,3,1,0,0,0,1,1,9.372014,9.454586,2.793993,144
12,0,0,1,0,11,11,11,0,3,1,0,0,0,1,1,5.953526,5.834462,2.564949,121
12,0,0,1,0,9,11,11,0,3,1,0,0,0,1,1,5.140558,5.513926,2.371578,81
12,0,0,1,0,15,12,10,1,7,1,0,0,0,1,1,5.953526,5.953526,3.329109,225
12,0,0,1,0,8,12,12,0,2,1,0,0,0,1,1,5.513926,5.123376,3.088823,64
12,0,1,0,0,11,12,12,0,3,0,0,0,0,1,1,5.953526,5.834462,1.760261,121
13,0,0,1,0,7,12,12,0,3,1,0,0,0,1,1,5.513926,5.123376,1.771957,49
12,0,0,1,0,11,12,12,0,5,1,0,0,0,1,1,5.834462,5.05791,2.198501,121
16,0,0,1,0,8,12,8,0,4,1,0,0,0,1,1,5.953526,5.834462,4.126448,64
15,0,0,1,0,12,12,12,0,4,1,0,0,0,1,1,5.953526,5.953526,4.000216,144
16,0,0,1,0,10,14,18,0,2,1,0,0,0,1,1,6.392202,6.392202,2.956511,100
15,0,0,1,0,6,16,14,0,3,1,0,0,0,1,1,5.140558,5.513926,2.733368,36
9,0,0,1,0,11,16,14,0,3,1,0,0,0,1,1,5.513926,5.123376,2.008259,121
14,0,0,1,0,7,12,12,0,3,1,0,0,0,1,1,5.513926,5.123376,2.160934,49
16,0,0,1,0,5,12,16,0,3,1,0,0,0,1,1,5.140558,5.513926,2.892912,25
12,0,0,1,0,10,12,12,0,6,1,0,0,0,1,1,5.140558,5.513926,2.152433,100
12,0,0,1,0,10,12,12,0,6,1,0,0,0,1,1,5.140558,5.513926,2.485532,100
12,0,0,1,0,10,16,16,0,1,1,0,0,0,1,1,5.834462,5.140558,2.448437,100
15,0,0,1,0,12,12,14,0,3,1,0,0,0,1,1,0,0,3.506558,144
10,0,0,1,0,10,12,12,1,3,1,0,0,0,1,1,0.410241,0.410241,2.668829,100
16,0,0,1,0,5,18,18,0,1,1,0,0,0,1,1,0.410241,0.410241,2.965637,25
12,0,0,1,0,10,12,8,0,3,1,0,0,0,1,1,0,0.410241,2.273448,100
11,0,0,1,0,11,13,13,0,5,1,0,0,0,1,1,0,0.410241,2.76414,121
15,0,0,1,0,7,18,14,1,2,1,0,0,0,1,1,0,0.410241,2.742937,49
13,0,0,1,0,10,12,12,0,1,1,0,0,0,1,1,0,0,2.567202,100
12,0,0,1,0,12,12,12,0,1,0,0,0,0,1,1,0,0,2.312155,144
15,0,0,1,0,11,17,20,0,3,1,0,0,0,1,1,0,0,2.539363,121
15,1,0,0,0,11,16,16,1,3,1,0,0,0,1,1,0,0,2.184802,121
12,0,0,1,0,9,12,12,0,4,1,0,0,0,1,1,0,0.410241,2.407946,81
10,0,0,1,0,13,12,12,0,3,1,0,0,0,1,1,0,0,1.443923,169
13,0,0,1,0,11,14,12,0,3,1,0,0,0,1,1,0,0,3.020146,121
18,0,0,1,0,9,15,16,0,5,1,1,0,0,0,1,0,0,2.733368,81
12,0,0,1,0,9,13,20,0,2,1,0,0,0,1,1,0,0.410241,2.457778,81
8,0,0,1,0,12,12,12,0,2,1,0,0,0,1,1,8.62873,8.62873,1.480454,144
10,0,0,0,1,11,12,10,1,2,1,0,0,0,1,1,7.297766,7.297766,0.708261,121
12,0,0,1,0,10,14,20,0,3,1,0,0,0,1,1,0,0,1.905488,100
14,0,0,1,0,12,11,11,0,0,1,0,0,0,1,1,0,0,3.361977,144
12,0,0,1,0,13,12,14,1,5,1,0,0,0,1,1,0,0,0.49722,169
12,0,0,1,0,8,12,12,0,2,1,0,0,0,1,1,0.410241,0.410241,2.481068,64
12,0,0,0,1,11,13,15,0,1,0,0,0,0,1,1,0,0,1.588819,121
12,0,0,1,0,11,12,12,0,1,1,0,0,0,1,1,0,0,2.771108,121
12,0,0,1,0,11,12,14,1,3,1,0,0,0,1,1,0,7.720351,1.461018,121
12,0,0,1,0,9,12,16,0,5,1,0,0,0,1,1,0.410241,0.410241,1.564199,81
12,0,0,1,0,12,12,12,0,2,1,0,0,0,1,1,0,0,2.224912,144
16,0,0,1,0,11,14,16,0,1,1,0,0,0,1,1,0,0,3.091161,121
18,0,0,1,0,9,16,16,0,3,1,0,0,0,1,1,10.06877,10.06877,4.025352,81
16,0,0,1,0,5,12,13,1,2,1,0,0,0,1,1,0.410241,0.410241,2.197225,25
12,0,0,1,0,15,18,20,0,5,1,0,0,0,1,1,0,0,2.158004,225
12,1,0,0,0,14,12,12,0,5,0,1,0,0,0,1,12.38751,12.38751,2.462586,196
12,1,0,0,0,10,10,12,0,1,0,1,0,0,0,1,12.36305,11.96709,2.212029,100
12,1,0,0,0,9,8,8,0,3,0,1,0,0,0,1,11.96709,12.39135,1.752539,81
12,1,0,0,0,11,12,12,0,2,0,1,0,0,0,1,12.38751,12.36305,2.455985,121
12,1,0,0,0,12,8,9,1,3,0,1,0,0,0,1,12.38751,12.38751,1.268876,144
12,1,0,0,0,10,8,9,1,3,0,1,0,0,0,1,12.36305,11.96709,1.665527,100
12,1,0,0,0,9,8,9,1,3,0,1,0,0,0,1,11.96709,12.39135,1.764144,81
12,1,0,0,0,12,12,12,1,2,0,1,0,0,0,1,12.38751,12.38751,1.94591,144
13,1,0,0,0,9,12,14,0,3,0,1,0,0,0,1,12.36305,11.96709,2.2591,81
13,1,0,0,0,12,12,12,0,1,0,1,0,0,0,1,12.38751,12.38751,2.838728,144
12,1,0,0,0,14,10,9,0,3,0,1,0,0,0,1,12.38751,12.38751,2.040221,196
12,1,0,0,0,14,11,11,0,2,0,1,0,0,0,0,12.38751,12.38751,2.599837,196
12,1,0,0,0,14,12,12,1,2,0,1,0,0,0,0,11.15503,11.15503,2.913494,196
18,0,0,0,1,9,16,16,0,2,0,1,0,0,0,0,11.15503,11.15503,2.083378,81
12,1,0,0,0,12,12,12,0,2,0,1,0,0,0,0,11.15503,11.15503,2.884638,144
12,1,0,0,0,13,12,12,0,3,1,1,0,0,0,1,11.15503,11.15503,2.486508,169
13,1,0,0,0,12,13,13,0,5,1,1,0,0,0,0,11.15503,11.15503,2.486508,144
12,1,0,0,0,15,12,17,0,5,1,1,0,0,0,1,11.15503,11.15503,2.695628,225
12,1,0,0,0,15,12,8,1,3,0,1,0,0,0,1,11.15503,11.15503,2.36361,225
12,0,1,0,0,9,12,12,0,4,1,0,1,0,0,1,9.349703,10.44435,2.189256,81
12,0,1,0,0,10,12,12,0,2,1,0,1,0,0,1,8.826549,9.349703,2.104672,100
13,0,1,0,0,7,12,12,0,2,1,0,1,0,0,1,9.349703,10.44435,2.522145,49
12,0,1,0,0,15,12,10,0,2,1,0,1,0,0,0,9.692757,9.692757,2.77419,225
12,0,1,0,0,12,12,12,0,3,1,0,1,0,0,0,9.692757,9.692757,1.591089,144
12,0,1,0,0,13,17,17,0,1,1,0,1,0,0,0,9.692757,9.692757,1.321756,169
9,0,0,1,0,13,12,4,1,4,1,0,1,0,0,1,9.417682,8.826549,1.526016,169
12,0,1,0,0,9,12,3,1,4,1,0,1,0,0,1,8.826549,9.349703,2.147863,81
12,0,1,0,0,15,9,12,0,2,1,0,0,1,0,1,9.692757,9.692757,1.386294,225
12,0,1,0,0,12,12,12,1,6,0,0,1,0,0,1,9.692757,9.692757,2.19684,144
11,0,1,0,0,11,12,12,0,7,1,0,1,0,0,1,8.826549,9.349703,1.756499,121
15,0,1,0,0,7,16,12,0,2,1,0,1,0,0,1,9.417682,8.826549,2.638058,49
14,0,1,0,0,9,12,12,0,0,1,0,1,0,0,1,9.417682,8.826549,2.4317,81
18,0,0,1,0,9,16,18,0,1,1,0,1,0,0,1,9.692757,9.692757,3.110021,81
12,0,1,0,0,12,12,14,0,3,1,0,1,0,0,1,9.692757,9.692757,2.080442,144
12,0,1,0,0,8,7,8,1,5,1,0,1,0,0,1,10.44435,10.25602,1.496109,64
12,0,1,0,0,12,12,9,0,3,1,0,1,0,0,1,9.692757,9.692757,2.09631,144
12,0,1,0,0,8,12,11,0,3,1,0,1,0,0,1,9.349703,10.44435,2.0333,64
12,0,1,0,0,8,12,12,0,2,1,0,1,0,0,1,9.349703,10.44435,2.184802,64
15,0,1,0,0,10,17,20,0,1,1,0,1,0,0,1,9.692757,9.692757,2.670848,100
12,0,1,0,0,12,11,11,0,6,1,0,0,0,1,1,9.692757,9.692757,1.910543,144
11,0,1,0,0,10,12,14,1,2,1,0,1,0,0,1,8.826549,9.349703,1.684945,100
12,0,1,0,0,8,12,15,1,2,1,0,1,0,0,1,9.349703,10.44435,1.79306,64
12,0,0,0,1,9,12,12,0,1,1,0,1,0,0,1,8.826549,9.349703,2.262995,81
17,0,1,0,0,6,13,17,0,1,1,0,1,0,0,1,9.417682,8.826549,3.096273,36
14,0,1,0,0,9,12,12,0,5,1,0,1,0,0,1,9.417682,8.826549,2.009916,81
17,0,1,0,0,10,6,13,0,11,0,0,1,0,0,0,9.692757,9.692757,2.44772,100
12,0,1,0,0,8,13,8,1,4,0,0,1,0,0,1,10.44435,10.25602,2.158004,64
16,0,0,1,0,9,10,12,0,4,1,0,1,0,0,0,9.692757,9.692757,2.733368,81
12,0,1,0,0,14,12,12,0,3,0,0,1,0,0,1,10.34033,10.34033,2.527514,196
16,0,1,0,0,8,12,12,0,2,1,0,1,0,0,1,10.34033,10.34033,3.756088,64
12,0,1,0,0,15,10,12,0,6,0,0,1,0,0,1,10.34033,10.34033,3.025208,225
12,0,1,0,0,14,11,11,0,8,0,0,1,0,0,1,10.34033,10.34033,1.625186,196
12,0,1,0,0,14,12,12,0,6,0,0,1,0,0,1,10.34033,10.34033,2.002677,196
11,0,1,0,0,13,12,12,0,6,0,0,1,0,0,1,10.34033,9.755371,2.513461,169
12,0,1,0,0,15,12,12,0,4,0,0,1,0,0,1,10.34033,10.34033,3.010064,225
15,0,1,0,0,12,12,12,0,4,1,0,1,0,0,1,10.34033,10.34033,2.785064,144
12,0,1,0,0,13,12,12,0,4,0,0,1,0,0,1,10.34033,10.34033,2.612644,169
12,0,1,0,0,15,12,10,0,3,0,0,1,0,0,1,10.34033,10.34033,2.460657,225
12,0,1,0,0,14,12,12,0,1,0,0,1,0,0,1,10.34033,10.34033,2.288057,196
11,0,0,0,1,14,10,10,0,2,0,0,0,1,0,1,5.932637,5.932637,2.044278,196
12,0,0,0,1,15,12,12,0,2,0,0,0,1,0,1,5.932637,5.932637,2.358675,225
11,0,0,0,1,16,11,6,0,4,0,0,0,1,0,1,5.932637,5.932637,1.832582,256
12,0,0,0,1,14,12,10,0,0,0,0,0,1,0,1,5.932637,5.932637,3.358138,196
15,0,0,0,1,9,14,14,0,2,0,0,0,1,0,1,5.932637,5.932637,2.178532,81
12,0,0,0,1,12,12,11,0,0,0,0,0,1,0,0,2.444079,2.444079,2.263364,144
13,0,0,0,1,12,12,12,1,2,1,0,0,1,0,0,2.444079,2.444079,2.760767,144
12,0,0,0,1,15,10,11,0,1,0,0,0,1,0,1,2.444079,2.444079,2.027074,225
8,0,0,0,1,19,12,6,0,2,0,0,0,1,0,1,2.444079,2.444079,1.832582,361
12,0,0,0,1,12,14,9,0,2,0,0,0,1,0,1,2.444079,2.444079,1.881109,144
16,0,0,0,1,11,12,10,0,1,1,0,0,1,0,0,2.444079,2.444079,3.122497,121
15,0,0,0,1,12,12,18,0,2,1,0,0,1,0,0,2.444079,2.444079,1.942183,144
12,0,0,0,1,13,15,12,0,1,0,0,0,1,0,1,2.444079,2.444079,2.185403,169
15,0,0,0,1,12,18,16,0,3,1,0,0,1,0,1,7.520245,7.520245,2.618765,144
16,0,0,0,1,10,16,16,0,5,1,0,0,1,0,0,7.833584,7.833584,3.199458,100
16,0,0,0,1,7,16,16,0,5,1,0,0,1,0,1,7.833584,7.597932,2.909064,49
12,0,0,0,1,15,12,12,0,3,1,0,0,1,0,1,7.833584,7.833584,0.630038,225
9,0,0,0,1,14,9,9,0,5,1,0,0,1,0,1,7.597932,7.35546,2.403126,196
14,0,0,0,1,12,12,12,0,2,1,0,0,1,0,1,7.833584,7.833584,2.995732,144
12,0,0,0,1,16,10,9,0,1,0,0,0,1,0,1,8.355827,8.355827,2.542785,256
9,0,0,0,1,12,8,8,0,6,1,0,0,1,0,1,7.35546,6.922371,1.691149,144
9,0,0,0,1,16,15,13,1,5,1,0,0,1,0,1,7.833584,7.833584,2.411726,256
9,0,0,0,1,15,10,12,0,2,0,0,0,1,0,1,7.582914,7.260242,2.079442,225
14,0,0,0,1,12,10,12,0,3,1,0,0,1,0,1,7.833584,7.833584,2.457778,144
14,0,0,0,1,8,12,12,0,1,1,0,0,1,0,1,7.597932,7.35546,2.641326,64
15,0,0,0,1,10,16,13,1,3,1,0,1,0,0,1,7.833584,7.833584,1.906689,100
10,0,0,0,1,14,9,7,0,4,1,0,0,1,0,0,7.833584,7.833584,2.698383,196
12,0,0,0,1,15,12,10,0,1,1,0,0,1,0,1,7.833584,7.833584,2.162823,225
12,0,0,0,1,12,12,12,0,3,0,0,0,1,0,1,7.833584,7.597932,2.668829,144
12,0,0,0,1,10,12,12,0,1,1,0,0,1,0,1,7.597932,7.35546,2.911851,100
10,0,0,0,1,12,12,12,1,3,1,0,0,1,0,1,7.597932,7.35546,2.400828,144
12,0,0,1,0,8,12,10,0,1,1,0,0,0,1,1,0.410241,0.410241,2.34842,64
12,0,0,1,0,10,11,12,0,3,1,0,0,0,1,1,0,0.410241,2.358675,100
12,0,0,1,0,8,11,12,0,3,1,0,0,0,1,1,0.410241,0.410241,2.319556,64
11,0,0,0,1,13,12,12,1,3,1,0,0,1,0,1,0,5.272789,1.430455,169
10,0,0,0,1,13,12,12,1,3,1,0,0,0,1,1,4.13228,4.13228,0.872274,169
12,0,0,1,0,15,12,12,0,3,1,0,0,0,1,1,0,0,2.228477,225
12,1,0,0,0,10,12,10,0,1,1,0,0,0,1,1,0,0.410241,2.54312,100
12,0,0,1,0,16,12,12,0,2,1,0,0,0,1,1,0,0,2.54363,256
12,0,0,1,0,14,16,12,0,5,1,0,0,0,1,1,0,0,2.76414,196
12,0,0,0,1,11,12,15,1,2,0,0,0,0,1,1,0,1.651336,2.757959,121
13,0,0,1,0,15,12,12,1,3,1,0,0,0,1,1,0,0,2.558769,225
12,0,1,0,0,14,12,9,0,5,0,0,1,0,0,0,10.34033,10.34033,1.589628,196
20,1,0,0,0,4,16,18,0,2,1,1,0,0,0,0,10.34033,10.34033,3.074295,16
12,0,1,0,0,13,12,12,1,2,1,0,1,0,0,1,10.34033,10.34033,2.343407,169
12,0,1,0,0,15,12,12,0,2,0,0,1,0,0,0,10.34033,10.34033,2.058963,225
12,0,1,0,0,13,12,6,0,3,0,0,1,0,0,0,10.34033,10.34033,1.535723,169
14,0,0,1,0,13,14,12,0,4,1,0,1,0,0,0,10.34033,10.34033,2.492939,169
12,0,1,0,0,12,15,13,0,4,0,0,1,0,0,0,10.34033,10.34033,2.177716,144
13,0,1,0,0,13,12,12,0,4,1,0,1,0,0,1,11.28037,11.28037,2.187027,169
16,0,1,0,0,8,12,12,0,4,0,0,1,0,0,1,14.16312,14.16312,2.35683,64
8,0,1,0,0,18,12,15,1,4,0,0,0,0,1,1,14.16312,14.16312,1.746136,324
12,0,1,0,0,15,12,12,0,1,0,0,1,0,0,0,14.16312,14.16312,1.779337,225
12,0,1,0,0,12,10,12,0,2,0,0,1,0,0,0,14.16312,14.16312,1.829745,144
13,0,1,0,0,13,14,17,0,3,0,0,1,0,0,1,14.16312,14.16312,2.607769,169
13,0,1,0,0,15,12,12,0,4,0,0,1,0,0,1,14.16312,14.16312,2.438023,225
12,0,1,0,0,14,12,12,0,2,0,0,1,0,0,0,14.16312,14.16312,2.430013,196
15,0,1,0,0,9,12,12,0,2,0,0,1,0,0,0,6.705548,6.705548,0.656237,81
12,0,1,0,0,15,12,12,0,4,0,0,1,0,0,1,6.705548,6.705548,2.907562,225
12,0,1,0,0,14,12,12,0,4,0,0,1,0,0,1,6.705548,6.705548,1.975682,196
12,0,1,0,0,13,12,12,0,3,1,0,1,0,0,1,6.705548,6.705548,2.164274,169
12,0,1,0,0,8,8,8,1,4,1,0,1,0,0,1,7.356897,7.748579,1.569433,64
11,0,1,0,0,13,12,12,0,1,0,0,1,0,0,0,6.705548,6.705548,1.192923,169
14,0,1,0,0,13,12,9,0,2,0,0,1,0,0,1,6.705548,6.705548,0.762934,169
12,0,1,0,0,11,8,8,0,3,1,0,1,0,0,1,6.022065,5.504197,2.307937,121
12,0,1,0,0,10,12,12,0,5,1,0,1,0,0,1,6.022065,5.504197,2.566551,100
8,0,0,0,1,12,8,2,0,12,0,0,1,0,0,1,5.693727,5.956101,1.494198,144
12,0,0,0,1,14,10,12,1,5,0,0,0,1,0,1,5.932637,5.932637,2.509199,196
13,0,0,0,1,13,12,10,0,3,1,0,0,1,0,0,5.932637,5.932637,3.237924,169
13,0,0,0,1,13,11,12,0,2,0,0,0,1,0,0,5.932637,5.932637,2.158878,169
12,0,0,1,0,12,12,12,0,3,1,0,0,1,0,0,5.932637,5.327934,1.475906,144
16,0,0,0,1,8,12,12,0,1,0,0,0,1,0,1,5.932637,5.932637,2.360567,64
15,0,0,0,1,10,15,15,0,4,1,0,0,1,0,1,2.088957,2.088957,3.156591,100
20,0,0,0,1,6,18,19,0,2,1,0,1,0,0,0,2.088957,2.088957,2.417515,36
12,0,0,0,1,13,11,5,0,1,0,0,0,1,0,1,6.26687,6.26687,1.855571,169
12,0,0,0,1,15,11,4,0,2,0,0,0,1,0,0,6.26687,6.26687,3.118792,225
12,0,0,0,1,14,11,12,0,2,0,0,0,1,0,1,6.26687,6.26687,2.079442,196
9,0,0,0,1,18,11,5,0,1,0,0,0,1,0,1,6.26687,6.26687,1.707774,324
14,0,0,0,1,13,4,7,0,5,0,0,0,1,0,0,4.240583,4.240583,2.525729,169
12,0,0,0,1,12,9,9,0,3,0,0,0,1,0,0,4.240583,5.628096,2.234377,144
15,0,0,0,1,10,12,12,0,4,0,0,0,1,0,0,4.240583,4.240583,2.471004,100
12,0,0,0,1,12,7,12,0,0,0,0,0,1,0,0,4.240583,4.240583,3.074295,144
11,1,0,0,0,10,14,8,1,0,1,1,0,0,0,1,8.595144,9.499537,2.486508,100
12,1,0,0,0,13,12,11,0,3,1,1,0,0,0,1,7.311346,7.311346,2.486508,169
8,1,0,0,0,19,7,9,0,4,1,1,0,0,0,1,7.311346,7.311346,1.473306,361
10,1,0,0,0,11,12,11,0,1,1,1,0,0,0,1,8.595144,9.499537,2.263364,121
15,1,0,0,0,8,12,8,0,2,1,1,0,0,0,1,8.554708,8.595144,1.290119,64
13,1,0,0,0,13,12,10,0,2,1,1,0,0,0,1,7.311346,7.311346,2.486508,169
13,1,0,0,0,15,16,13,0,1,1,1,0,0,0,1,7.311346,7.311346,2.900422,225
17,1,0,0,0,4,16,20,0,2,1,1,0,0,0,1,8.595144,9.499537,3.03875,16
12,1,0,0,0,15,12,12,0,0,1,1,0,0,0,0,7.311346,7.311346,2.543747,225
12,1,0,0,0,10,12,13,0,6,1,1,0,0,0,1,8.595144,9.499537,1.571821,100
15,1,0,0,0,6,12,13,0,2,1,1,0,0,0,1,8.595144,9.499537,2.445686,36
16,1,0,0,0,5,14,15,0,1,1,1,0,0,0,1,8.595144,9.499537,2.75457,25
15,1,0,0,0,12,15,16,0,5,1,1,0,0,0,1,7.311346,7.311346,2.796153,144
15,1,0,0,0,8,15,16,0,5,1,1,0,0,0,1,7.311346,8.554708,2.687407,64
18,1,0,0,0,7,16,17,0,1,1,1,0,0,0,1,7.394907,7.394907,3.282526,49
15,1,0,0,0,5,16,18,0,3,1,1,0,0,0,1,6.125471,10.72096,2.481277,25
17,0,1,0,0,6,16,17,0,3,1,1,0,0,0,1,7.394907,6.641155,2.97453,36
15,1,0,0,0,7,16,16,0,2,1,1,0,0,0,1,6.641155,5.851309,2.486508,49
18,1,0,0,0,5,16,16,0,2,1,1,0,0,0,1,7.394907,6.641155,2.486198,25
15,1,0,0,0,8,17,17,0,2,1,1,0,0,0,1,7.394907,6.641155,3.319881,64
16,1,0,0,0,6,16,17,0,2,1,1,0,0,0,1,6.641155,5.851309,2.97104,36
19,1,0,0,0,8,16,14,0,2,1,0,1,0,0,1,15.08226,15.08226,2.509346,64
17,1,0,0,0,8,10,8,0,1,1,1,0,0,0,1,15.08226,15.08226,2.055943,64
12,0,0,0,1,11,12,12,1,6,0,1,0,0,0,1,15.08226,15.00826,2.525729,121
12,1,0,0,0,8,12,14,0,6,1,1,0,0,0,1,13.93464,15.17254,2.761553,64
12,1,0,0,0,12,12,12,1,4,1,1,0,0,0,1,15.08226,15.08226,2.583539,144
10,1,0,0,0,12,12,12,0,5,1,1,0,0,0,1,15.00826,14.46297,2.475176,144
12,1,0,0,0,9,12,12,0,5,1,1,0,0,0,1,13.93464,15.17254,2.525729,81
11,1,0,0,0,13,17,12,1,3,1,1,0,0,0,1,15.08226,15.00826,2.615585,169
14,1,0,0,0,9,16,12,0,2,1,1,0,0,0,1,15.00826,14.46297,2.888059,81
15,1,0,0,0,12,18,20,0,2,1,1,0,0,0,1,15.08226,15.08226,2.964557,144
12,1,0,0,0,11,12,14,0,3,1,1,0,0,0,1,15.00826,14.46297,2.517637,121
15,1,0,0,0,6,15,19,0,5,1,1,0,0,0,1,14.46297,13.93464,2.946942,36
10,1,0,0,0,12,7,12,1,1,1,1,0,0,0,1,15.00826,14.46297,2.235144,144
13,1,0,0,0,7,12,7,0,4,1,1,0,0,0,1,15.17254,15.13789,2.837138,49
15,0,0,1,0,7,14,16,0,3,1,1,0,0,0,1,15.00826,14.46297,2.783313,49
14,1,0,0,0,6,14,16,0,3,1,1,0,0,0,1,13.93464,15.17254,2.403195,36
15,1,0,0,0,8,12,16,0,5,1,1,0,0,0,1,15.00826,14.46297,3.019179,64
14,1,0,0,0,8,16,16,0,1,0,1,0,0,0,1,14.46297,6.922371,1.828127,64
10,1,0,0,0,11,12,12,0,4,1,1,0,0,0,1,14.46297,13.93464,1.927579,121
14,1,0,0,0,8,12,12,0,2,1,1,0,0,0,1,15.00826,14.46297,1.656473,64
11,1,0,0,0,10,12,14,0,3,1,1,0,0,0,1,13.93464,15.17254,2.627392,100
11,1,0,0,0,12,12,12,0,6,1,1,0,0,0,1,15.00826,14.46297,2.753346,144
20,0,1,0,0,7,16,12,0,1,1,1,0,0,0,1,7.311346,7.311346,2.450897,49
13,1,0,0,0,9,12,12,0,3,1,1,0,0,0,1,14.46297,13.93464,1.934331,81
15,1,0,0,0,9,13,18,0,3,1,1,0,0,0,1,15.08226,15.00826,3.564622,81
14,1,0,0,0,6,13,18,1,3,1,1,0,0,0,1,13.93464,15.17254,2.990034,36
16,1,0,0,0,8,12,12,0,1,1,1,0,0,0,1,15.08226,15.08226,3.012231,64
12,1,0,0,0,13,15,10,1,4,1,1,0,0,0,1,15.08226,15.08226,2.205841,169
13,1,0,0,0,13,12,12,0,3,1,1,0,0,0,1,15.08226,15.08226,2.417392,169
12,1,0,0,0,14,11,11,0,4,1,1,0,0,0,1,15.08226,15.08226,2.760767,196
15,1,0,0,0,8,12,12,0,2,1,1,0,0,0,1,15.08226,15.00826,2.956511,64
15,1,0,0,0,5,14,14,0,4,1,1,0,0,0,1,13.93464,15.17254,2.121282,25
17,1,0,0,0,6,12,12,0,5,1,1,0,0,0,1,15.00826,14.46297,2.390088,36
15,0,1,0,0,12,12,12,0,3,1,1,0,0,0,1,15.08226,15.08226,2.194911,144
13,1,0,0,0,10,16,14,0,4,1,1,0,0,0,1,15.08226,15.00826,3.266417,100
12,1,0,0,0,14,12,15,0,6,1,1,0,0,0,1,12.38751,12.38751,2.87855,196
12,1,0,0,0,12,11,11,0,4,1,1,0,0,0,1,12.38751,12.38751,2.563469,144
8,0,0,0,1,17,11,8,0,5,0,1,0,0,0,1,11.15503,11.15503,1.305637,289
12,1,0,0,0,14,12,12,0,1,1,1,0,0,0,1,12.38751,12.38751,2.76414,196
12,1,0,0,0,9,12,8,1,2,1,1,0,0,0,1,11.96709,12.39135,2.196997,81
12,1,0,0,0,10,8,8,0,2,1,1,0,0,0,1,12.36305,11.96709,2.542536,100
12,1,0,0,0,15,12,12,0,5,1,1,0,0,0,0,12.38751,12.38751,2.325898,225
13,0,0,1,0,12,12,12,0,5,1,1,0,0,0,0,12.38751,12.38751,2.988069,144
15,1,0,0,0,12,16,16,0,1,1,1,0,0,0,0,6.26687,6.26687,3.237924,144
14,0,0,0,1,12,12,12,0,3,1,1,0,0,0,0,12.38751,12.38751,2.403126,144
15,1,0,0,0,9,11,12,0,1,0,1,0,0,0,0,12.38751,12.38751,3.232498,81
14,1,0,0,0,11,12,10,0,2,1,1,0,0,0,0,12.38751,12.38751,2.018134,121
12,1,0,0,0,15,12,12,0,2,1,1,0,0,0,1,12.38751,12.38751,2.82298,225
12,1,0,0,0,16,9,11,0,3,0,1,0,0,0,1,12.38751,12.38751,3.11778,256
12,1,0,0,0,10,12,12,0,5,1,1,0,0,0,1,12.36305,11.96709,1.71758,100
12,1,0,0,0,11,12,12,0,2,1,1,0,0,0,1,12.38751,12.36305,2.397318,121
20,1,0,0,0,5,14,18,0,1,1,1,0,0,0,1,12.38751,12.38751,3.134994,25
17,1,0,0,0,9,12,12,0,2,1,1,0,0,0,1,11.15503,11.15503,3.063121,81
12,1,0,0,0,14,12,12,1,4,1,1,0,0,0,1,2.088957,2.088957,2.899941,196
13,1,0,0,0,13,12,12,0,3,1,1,0,0,0,1,11.15503,11.15503,2.922989,169
15,1,0,0,0,8,12,14,0,2,0,1,0,0,0,1,10.20562,9.867887,2.691803,64
12,1,0,0,0,9,12,12,0,0,1,1,0,0,0,1,9.867887,9.769236,1.265303,81
14,0,0,1,0,10,14,20,1,2,1,1,0,0,0,1,11.15503,11.15503,2.238047,100
14,0,0,1,0,7,14,20,1,2,1,1,0,0,0,1,9.769236,9.343459,1.56489,49
15,1,0,0,0,8,14,16,0,3,1,1,0,0,0,1,10.20562,9.867887,2.443285,64
15,1,0,0,0,10,17,16,0,1,1,1,0,0,0,1,15.08226,15.08226,4.000216,100
17,1,0,0,0,5,16,20,0,2,1,1,0,0,0,1,9.867887,9.769236,4.29562,25
20,0,1,0,0,6,16,20,0,2,1,1,0,0,0,1,7.311346,7.311346,2.907721,36
20,1,0,0,0,4,16,20,0,2,1,1,0,0,0,1,7.394907,6.641155,3.412981,16
17,0,0,1,0,10,12,19,0,3,1,1,0,0,0,0,7.520245,7.520245,2.956511,100
18,1,0,0,0,9,16,16,0,1,1,1,0,0,0,1,11.15503,11.15503,4.405681,81
15,1,0,0,0,9,16,16,0,2,1,1,0,0,0,1,4.240583,4.240583,2.639057,81
19,0,0,0,1,6,15,7,0,2,1,1,0,0,0,1,2.088957,2.088957,4.014744,36
12,1,0,0,0,12,12,12,0,4,1,1,0,0,0,1,11.15503,10.20562,2.898692,144
11,1,0,0,0,12,12,11,1,0,0,1,0,0,0,1,11.15503,10.20562,2.143253,144
12,1,0,0,0,12,12,12,0,2,0,1,0,0,0,1,11.15503,11.15503,1.970556,144
12,1,0,0,0,13,12,12,1,4,0,1,0,0,0,1,11.15503,11.15503,2.540721,169
8,1,0,0,0,18,10,8,0,4,1,1,0,0,0,1,11.15503,11.15503,2.152433,324
12,1,0,0,0,10,10,8,0,4,1,1,0,0,0,1,10.20562,9.867887,1.957224,100
12,1,0,0,0,15,12,11,0,3,1,1,0,0,0,1,12.38751,12.38751,2.373365,225
12,1,0,0,0,11,12,10,0,2,1,1,0,0,0,1,12.36305,11.96709,2.882404,121
12,1,0,0,0,9,12,12,1,6,1,1,0,0,0,1,11.96709,12.39135,2.027712,81
12,1,0,0,0,9,12,12,1,6,1,1,0,0,0,1,12.39135,12.42031,2.193731,81
12,1,0,0,0,15,12,16,0,5,1,1,0,0,0,1,12.38751,12.38751,2.284441,225
14,1,0,0,0,9,12,16,0,5,1,1,0,0,0,1,12.38751,12.36305,2.693028,81
12,1,0,0,0,10,12,16,0,5,1,1,0,0,0,1,12.36305,11.96709,2.632827,100
17,1,0,0,0,9,15,16,0,1,1,1,0,0,0,0,12.38751,12.38751,3.476318,81
10,1,0,0,0,11,9,12,0,2,1,1,0,0,0,1,11.96709,12.39135,2.262039,121
12,1,0,0,0,15,12,8,0,4,1,1,0,0,0,1,12.38751,12.38751,2.486508,225
12,1,0,0,0,12,12,10,0,4,1,1,0,0,0,0,12.38751,12.38751,2.132659,144
12,1,0,0,0,12,12,8,1,1,1,1,0,0,0,0,12.38751,12.36305,2.024232,144
12,1,0,0,0,10,12,8,1,4,1,1,0,0,0,1,11.96709,12.39135,2.43726,100
12,1,0,0,0,12,12,20,0,2,1,1,0,0,0,1,12.38751,12.36305,3.091265,144
13,1,0,0,0,14,14,16,0,1,1,1,0,0,0,1,12.38751,12.38751,2.187378,196
15,1,0,0,0,9,12,11,0,2,1,1,0,0,0,1,11.15503,10.20562,3.292984,81
8,1,0,0,0,13,11,10,1,6,1,1,0,0,0,1,9.769236,9.343459,2.08345,169
15,1,0,0,0,9,12,14,0,2,1,1,0,0,0,1,11.15503,10.20562,2.923412,81
16,1,0,0,0,11,12,12,0,2,0,1,0,0,0,1,11.15503,11.15503,3.109523,121
17,1,0,0,0,7,12,12,0,2,1,1,0,0,0,1,11.15503,10.20562,3.179655,49
9,0,1,0,0,15,16,11,1,2,1,0,1,0,0,1,9.692757,9.417682,2.168891,225
11,0,1,0,0,13,5,8,0,6,1,0,1,0,0,1,9.692757,9.692757,2.717154,169
13,0,1,0,0,7,5,12,0,2,1,0,1,0,0,1,9.349703,10.44435,2.469265,49
10,0,0,0,1,13,12,16,0,3,0,0,1,0,0,1,9.692757,9.417682,2.499295,169
12,0,1,0,0,9,12,12,0,2,1,0,1,0,0,1,8.826549,9.349703,2.97593,81
12,0,1,0,0,12,13,14,0,3,1,0,1,0,0,1,9.692757,9.417682,2.251727,144
14,0,1,0,0,8,13,14,0,3,1,0,1,0,0,1,9.417682,8.826549,1.647948,64
18,0,1,0,0,2,12,18,1,5,1,0,1,0,0,1,10.44435,10.25602,1.587676,4
14,0,1,0,0,11,12,18,1,6,1,0,1,0,0,1,9.692757,9.692757,2.621039,121
12,0,1,0,0,10,12,11,0,5,1,0,1,0,0,1,9.417682,8.826549,2.533655,100
17,0,1,0,0,7,12,12,0,7,1,0,1,0,0,1,9.692757,9.692757,2.425431,49
14,0,1,0,0,10,12,12,0,2,1,0,1,0,0,1,9.692757,9.692757,2.46283,100
12,0,1,0,0,11,12,12,0,2,1,0,1,0,0,1,9.417682,8.826549,2.706052,121
15,0,1,0,0,7,12,12,1,1,1,0,1,0,0,1,8.826549,9.349703,3.11778,49
12,0,1,0,0,9,12,12,0,9,1,0,1,0,0,1,8.826549,9.349703,2.318846,81
12,0,1,0,0,14,12,19,0,3,1,0,1,0,0,1,9.692757,9.692757,2.664632,196
15,0,1,0,0,7,12,8,1,0,1,0,1,0,0,1,7.305873,7.356897,2.546174,49
12,0,1,0,0,10,12,11,0,4,1,0,1,0,0,1,7.305873,7.356897,2.820605,100
12,0,1,0,0,15,12,12,0,4,1,0,1,0,0,0,8.334936,8.334936,2.686314,225
12,0,1,0,0,12,12,12,0,4,1,0,1,0,0,1,8.334936,8.334936,2.727615,144
12,0,1,0,0,12,12,12,0,1,1,0,1,0,0,1,8.334936,7.823056,2.441847,144
15,0,1,0,0,7,12,12,0,3,1,0,1,0,0,1,13.38858,13.63498,3.074295,49
15,0,1,0,0,10,12,12,0,1,1,0,1,0,0,1,8.334936,8.334936,2.244316,100
16,0,0,0,1,11,16,17,0,4,0,0,1,0,0,1,8.334936,8.334936,2.999997,121
12,0,1,0,0,9,13,12,0,4,1,0,1,0,0,1,7.356897,7.748579,2.617536,81
11,0,1,0,0,12,6,6,1,4,1,0,1,0,0,1,8.334936,7.823056,2.403126,144
10,0,1,0,0,14,6,4,1,1,1,0,1,0,0,1,8.334936,8.334936,0.84591,196
12,0,1,0,0,9,12,8,1,1,1,0,1,0,0,1,7.356897,7.748579,2.724857,81
12,0,1,0,0,8,12,12,0,2,1,0,1,0,0,1,7.356897,7.748579,2.021173,64
13,0,1,0,0,9,16,13,0,5,1,0,1,0,0,1,7.823056,7.305873,2.82298,81
15,0,1,0,0,6,16,13,0,5,1,0,1,0,0,1,7.356897,7.748579,2.028972,36
15,0,1,0,0,8,12,16,0,3,1,0,1,0,0,1,7.823056,13.38858,2.802636,64
15,0,1,0,0,5,12,16,0,3,1,0,1,0,0,1,7.356897,7.748579,2.6348,25
15,0,0,1,0,11,12,12,0,2,1,0,1,0,0,1,8.334936,8.334936,2.022962,121
12,0,1,0,0,13,12,12,0,3,1,0,1,0,0,1,8.334936,8.334936,2.60189,169
12,0,1,0,0,10,12,12,0,3,1,0,1,0,0,1,7.823056,7.305873,2.918771,100
15,0,1,0,0,9,12,10,0,3,1,0,1,0,0,1,8.334936,8.334936,3.105141,81
12,0,1,0,0,10,12,10,0,3,1,0,1,0,0,1,7.823056,7.305873,3.026017,100
12,0,1,0,0,10,12,10,0,3,1,0,1,0,0,1,7.823056,7.305873,3.268832,100
12,0,1,0,0,14,12,12,0,2,1,0,1,0,0,1,8.334936,8.334936,2.668829,196
12,0,1,0,0,9,12,12,0,2,1,0,1,0,0,1,7.356897,7.748579,2.383253,81
9,0,1,0,0,11,5,12,0,3,1,0,1,0,0,1,12.36138,12.25094,2.171557,121
13,0,1,0,0,10,12,12,0,0,1,0,1,0,0,1,9.755371,10.82658,2.401025,100
12,0,0,0,1,15,10,10,0,3,1,0,1,0,0,0,10.34033,10.34033,2.76414,225
12,0,1,0,0,15,12,12,1,3,1,0,1,0,0,1,10.34033,10.34033,2.953768,225
12,0,1,0,0,16,9,10,0,3,1,0,1,0,0,1,10.34033,10.34033,2.954287,256
12,0,1,0,0,15,12,12,0,5,1,0,1,0,0,0,10.34033,10.34033,2.782158,225
12,0,1,0,0,10,14,12,0,3,1,0,1,0,0,1,9.755371,10.82658,2.793993,100
12,0,1,0,0,11,9,12,0,2,1,0,1,0,0,1,10.34033,9.755371,1.98281,121
12,0,1,0,0,9,12,12,0,3,1,0,1,0,0,1,10.82658,12.36138,2.423946,81
16,0,1,0,0,8,12,12,0,6,1,0,1,0,0,1,10.34033,9.755371,2.317795,64
13,0,1,0,0,9,12,12,0,6,1,0,1,0,0,1,10.82658,12.36138,2.501395,81
13,0,1,0,0,10,12,10,0,6,1,0,1,0,0,1,9.755371,10.82658,3.237568,100
15,0,1,0,0,8,14,16,0,2,1,0,1,0,0,1,10.34033,9.755371,2.392197,64
13,0,1,0,0,13,12,12,0,1,1,0,1,0,0,1,10.34033,10.34033,3.426515,169
12,0,1,0,0,12,9,9,0,6,1,0,1,0,0,1,14.16312,14.16312,2.394363,144
12,0,1,0,0,10,11,9,0,8,1,0,1,0,0,1,13.9952,13.12412,1.343258,100
12,0,1,0,0,12,9,13,0,4,1,0,1,0,0,1,14.16312,14.16312,2.040221,144
12,0,1,0,0,8,12,10,1,4,1,0,1,0,0,1,12.57115,13.08366,2.486508,64
12,0,1,0,0,14,10,8,0,9,1,0,1,0,0,1,14.16312,14.16312,2.084672,196
12,0,1,0,0,13,10,8,0,9,1,0,1,0,0,1,14.16312,14.16312,2.535298,169
12,0,1,0,0,12,12,12,0,4,1,0,1,0,0,0,14.16312,14.16312,2.258133,144
12,0,1,0,0,9,12,12,0,4,1,0,1,0,0,1,13.12412,12.57115,2.504738,81
9,0,1,0,0,14,9,9,1,4,1,0,1,0,0,1,14.16312,13.9952,1.752539,196
12,0,1,0,0,15,12,12,0,4,1,0,1,0,0,0,14.16312,14.16312,2.82298,225
12,0,1,0,0,16,8,8,0,2,1,0,1,0,0,0,14.16312,14.16312,1.808651,256
12,0,1,0,0,13,12,13,0,1,0,0,1,0,0,0,14.16312,14.16312,2.308758,169
15,0,1,0,0,12,12,12,0,3,1,0,1,0,0,1,14.16312,14.16312,3.237924,144
17,0,1,0,0,6,12,14,0,1,1,0,1,0,0,1,13.9952,13.12412,2.735342,36
15,0,1,0,0,9,12,12,0,2,1,0,1,0,0,1,14.16312,13.9952,3.179655,81
14,0,1,0,0,13,12,16,0,2,1,0,1,0,0,1,14.16312,14.16312,2.617536,169
18,0,0,1,0,5,12,16,1,2,1,0,1,0,0,1,13.9952,13.12412,1.875141,25
12,0,1,0,0,13,12,12,0,2,1,0,1,0,0,1,14.16312,14.16312,2.611671,169
13,0,1,0,0,12,12,11,0,3,1,0,1,0,0,1,14.16312,14.16312,1.942582,144
12,0,1,0,0,12,12,12,0,6,1,0,1,0,0,1,14.16312,14.16312,3.113746,144
11,0,1,0,0,11,12,12,0,6,1,0,1,0,0,1,13.9952,13.12412,2.565575,121
12,0,1,0,0,12,12,13,0,8,1,0,1,0,0,0,14.16312,14.16312,2.751609,144
12,0,1,0,0,8,12,12,0,8,1,0,1,0,0,1,12.57115,13.08366,2.340579,64
12,0,1,0,0,13,12,12,0,1,1,0,1,0,0,1,14.16312,14.16312,2.77419,169
12,0,1,0,0,14,12,8,0,4,1,0,1,0,0,0,14.16312,14.16312,2.748872,196
12,0,1,0,0,16,11,12,0,3,1,0,1,0,0,1,14.16312,14.16312,3.037242,256
12,0,1,0,0,10,9,9,0,3,1,0,1,0,0,1,13.9952,13.12412,2.299861,100
12,0,1,0,0,10,13,12,0,4,1,0,1,0,0,1,13.9952,13.12412,2.046451,100
10,0,1,0,0,11,12,9,0,3,1,0,1,0,0,1,13.12412,12.57115,2.002611,121
15,0,1,0,0,11,11,15,0,5,1,0,1,0,0,1,14.16312,14.16312,3.605649,121
12,0,1,0,0,11,12,10,0,2,1,0,1,0,0,1,13.9952,13.12412,1.851026,121
12,0,1,0,0,15,12,9,0,1,1,0,1,0,0,1,14.16312,14.16312,2.174533,225
12,0,1,0,0,13,12,9,0,1,1,0,1,0,0,1,14.16312,14.16312,1.965497,169
15,0,1,0,0,7,12,11,0,0,1,0,1,0,0,1,13.9952,13.12412,2.512825,49
17,0,1,0,0,10,16,18,0,1,1,0,1,0,0,0,14.16312,14.16312,4.161228,100
10,0,1,0,0,12,12,11,0,5,1,0,1,0,0,1,9.755371,10.82658,1.94591,144
9,0,1,0,0,11,12,11,0,4,1,0,1,0,0,1,12.36138,12.25094,1.194494,121
12,0,1,0,0,14,9,12,1,5,1,0,1,0,0,1,10.34033,10.34033,4.115598,196
15,0,1,0,0,7,12,7,0,2,1,0,1,0,0,1,10.82658,12.36138,1.731292,49
11,0,1,0,0,13,8,5,0,8,1,0,1,0,0,1,10.34033,10.34033,1.447919,169
18,0,1,0,0,6,14,16,0,3,1,0,1,0,0,1,10.34033,10.34033,3.040468,36
20,1,0,0,0,2,20,20,0,1,1,0,1,0,0,1,9.755371,10.82658,2.444085,4
15,0,1,0,0,13,16,16,0,2,1,0,1,0,0,1,10.34033,10.34033,3.113015,169
16,0,1,0,0,4,16,16,0,2,1,0,1,0,0,1,12.25094,12.62174,2.242902,16
15,0,1,0,0,9,12,16,0,5,1,0,1,0,0,1,10.34033,9.755371,2.733368,81
15,0,1,0,0,7,16,14,0,1,1,0,1,0,0,1,10.82658,12.36138,2.521986,49
15,0,1,0,0,11,16,18,0,8,1,0,1,0,0,1,10.34033,10.34033,3.442019,121
15,0,1,0,0,10,16,16,0,7,1,0,1,0,0,1,10.34033,10.34033,2.577388,100
17,0,0,0,1,6,20,20,0,1,1,0,1,0,0,1,10.34033,9.755371,2.835585,36
9,0,0,0,1,13,14,14,1,2,1,0,0,1,0,1,7.35546,6.922371,3.226973,169
11,0,1,0,0,15,12,10,0,4,1,0,1,0,0,1,14.16312,14.16312,2.474726,225
13,0,0,1,0,14,12,12,0,4,1,0,1,0,0,1,14.16312,14.16312,2.563469,196
15,0,1,0,0,11,12,12,0,7,1,0,1,0,0,1,14.16312,14.16312,3.78539,121
12,0,1,0,0,12,12,12,0,7,1,0,1,0,0,1,14.16312,14.16312,2.854556,144
15,0,1,0,0,8,16,18,0,4,1,0,1,0,0,1,13.9952,13.12412,2.664107,64
12,0,1,0,0,16,5,5,0,2,0,0,1,0,0,1,14.16312,14.16312,2.376351,256
12,0,1,0,0,14,11,9,0,4,1,0,1,0,0,0,14.16312,14.16312,2.668829,196
10,0,1,0,0,14,11,14,0,2,1,0,1,0,0,1,14.16312,13.9952,1.279698,196
12,0,1,0,0,9,11,12,0,2,1,0,1,0,0,1,13.12412,12.57115,1.570217,81
12,0,1,0,0,9,12,19,0,2,1,0,1,0,0,1,12.57115,13.08366,1.994142,81
8,0,1,0,0,12,12,10,0,1,1,0,1,0,0,1,12.57115,13.08366,1.59496,144
15,0,1,0,0,8,12,11,0,1,1,0,1,0,0,1,13.9952,13.12412,2.995732,64
15,0,1,0,0,9,12,12,0,2,1,0,1,0,0,1,14.16312,14.16312,2.019459,81
12,0,1,0,0,14,12,12,1,3,1,0,1,0,0,1,14.16312,14.16312,1.811304,196
12,0,1,0,0,10,12,12,1,3,1,0,1,0,0,1,13.12412,12.57115,1.985733,100
9,0,1,0,0,12,12,12,1,3,1,0,1,0,0,1,12.57115,13.08366,2.098142,144
17,0,1,0,0,5,12,18,0,1,1,0,1,0,0,1,13.9952,13.12412,2.682075,25
12,0,1,0,0,9,12,10,0,3,1,0,1,0,0,1,13.12412,12.57115,2.688247,81
11,0,1,0,0,10,12,8,0,2,1,0,1,0,0,1,5.708711,5.956101,2.014903,100
12,0,1,0,0,13,11,12,0,3,1,0,1,0,0,0,8.334936,8.334936,2.573837,169
11,0,1,0,0,9,12,10,1,1,1,0,1,0,0,1,7.356897,7.748579,3.186086,81
12,0,1,0,0,15,12,10,0,0,1,0,1,0,0,1,6.705548,6.705548,2.413517,225
16,0,1,0,0,10,15,14,0,3,1,0,1,0,0,1,8.334936,8.334936,2.701619,100
12,0,1,0,0,8,15,17,0,1,1,0,1,0,0,1,7.356897,7.748579,2.607362,64
12,0,1,0,0,14,12,12,1,2,1,0,1,0,0,0,6.705548,6.705548,3.291783,196
17,0,1,0,0,7,18,18,0,1,1,0,1,0,0,1,6.705548,6.705548,2.474041,49
15,0,1,0,0,7,16,18,0,2,1,0,1,0,0,1,5.504197,5.708711,1.849335,49
20,0,1,0,0,5,16,18,0,1,1,0,1,0,0,1,2.088957,2.088957,4.048088,25
15,0,1,0,0,8,12,12,0,2,1,0,1,0,0,1,6.022065,5.504197,2.168054,64
15,1,0,0,0,5,12,18,0,3,1,0,1,0,0,1,5.708711,5.956101,2.651961,25
15,0,0,1,0,5,16,19,0,1,1,0,1,0,0,1,5.708711,5.956101,1.216876,25
12,0,1,0,0,13,9,10,0,0,1,0,1,0,0,1,9.838986,9.838986,2.01062,169
11,0,1,0,0,10,11,12,1,3,1,0,1,0,0,1,8.870226,9.018834,2.158004,100
12,0,1,0,0,13,12,12,0,3,1,0,1,0,0,1,9.838986,9.838986,2.058797,169
12,0,1,0,0,8,12,12,0,2,1,0,1,0,0,1,8.870226,9.018834,2.230264,64
9,0,1,0,0,11,12,12,1,3,1,0,1,0,0,1,9.018834,9.558614,1.843053,121
13,0,0,1,0,11,15,13,0,2,1,0,0,0,1,1,9.838986,8.836112,1.93486,121
12,0,1,0,0,14,12,10,0,3,1,0,1,0,0,1,9.838986,9.838986,2.962742,196
12,0,1,0,0,8,12,12,0,2,1,0,1,0,0,1,8.870226,9.018834,2.59716,64
18,0,0,1,0,5,14,19,1,1,1,0,1,0,0,1,8.836112,8.413321,3.11778,25
12,0,1,0,0,11,12,12,0,6,1,0,1,0,0,1,9.838986,8.836112,2.273468,121
15,0,1,0,0,6,12,12,0,6,1,0,1,0,0,1,8.413321,8.870226,2.795638,36
17,0,1,0,0,7,12,13,0,2,1,0,1,0,0,1,9.838986,8.836112,2.544777,49
15,0,1,0,0,6,12,13,0,2,1,0,1,0,0,1,8.413321,8.870226,2.486508,36
18,0,0,1,0,3,14,18,0,4,1,0,1,0,0,1,8.870226,9.018834,3.253208,9
19,0,0,0,1,2,12,14,1,2,1,0,1,0,0,1,8.413321,8.870226,1.611039,4
17,0,0,0,1,8,12,12,0,1,1,0,1,0,0,1,5.556623,5.556623,2.493342,64
17,0,1,0,0,5,12,16,0,2,1,0,1,0,0,1,8.836112,8.413321,2.253795,25
14,0,1,0,0,12,10,12,1,3,0,0,0,1,0,1,9.838986,9.838986,1.99021,144
19,1,0,0,0,3,18,18,0,2,1,0,1,0,0,1,8.836112,8.413321,1.863927,9
15,0,1,0,0,8,18,15,0,2,1,0,1,0,0,1,9.838986,8.836112,2.913339,64
16,0,1,0,0,5,16,15,0,2,1,0,1,0,0,1,7.438104,6.742574,2.284236,25
14,0,0,1,0,11,14,20,0,3,0,0,1,0,0,1,9.838986,9.838986,1.628184,121
15,0,0,1,0,12,13,18,0,2,1,0,1,0,0,1,9.838986,9.838986,2.82298,144
14,0,0,0,1,11,13,18,0,2,1,0,1,0,0,1,9.838986,9.838986,3.156355,121
13,0,0,0,1,8,13,12,0,2,1,0,1,0,0,1,8.413321,8.870226,1.99702,64
15,0,1,0,0,7,12,17,0,4,1,0,1,0,0,1,8.836112,8.413321,3.292984,49
15,0,1,0,0,5,12,17,0,4,0,0,1,0,0,1,8.870226,9.018834,2.417515,25
11,0,1,0,0,10,14,16,0,1,1,0,1,0,0,1,8.413321,8.870226,2.358675,100
16,0,1,0,0,5,17,14,0,1,1,0,1,0,0,1,8.413321,8.870226,2.926052,25
15,0,1,0,0,7,12,16,0,4,1,0,1,0,0,1,8.836112,8.413321,2.410058,49
15,0,1,0,0,8,12,12,0,0,1,0,1,0,0,1,8.836112,8.413321,2.017847,64
19,0,1,0,0,8,14,16,0,3,1,0,1,0,0,1,11.28037,11.28037,3.452701,64
16,0,0,1,0,5,15,16,0,3,1,0,1,0,0,1,8.413321,8.870226,2.891973,25
15,0,1,0,0,11,12,12,1,1,1,0,1,0,0,1,9.838986,9.838986,1.918684,121
15,0,1,0,0,6,12,12,1,1,1,0,1,0,0,1,8.870226,9.018834,2.585865,36
17,0,1,0,0,6,16,16,0,1,1,0,1,0,0,1,8.836112,8.413321,2.900422,36
11,0,1,0,0,13,12,16,0,1,1,0,1,0,0,1,9.838986,8.836112,1.539705,169
12,0,1,0,0,12,13,20,0,4,1,0,1,0,0,1,9.838986,9.838986,2.247364,144
15,0,0,1,0,6,16,16,0,1,1,0,0,1,0,1,5.753662,7.875604,1.843053,36
12,0,0,0,1,10,12,16,0,6,0,0,0,1,0,1,7.879335,7.933977,1.867421,100
16,0,0,0,1,4,16,18,0,2,1,0,0,1,0,1,8.091086,9.07529,2.599837,16
12,0,0,0,1,12,12,11,0,4,1,0,0,1,0,1,8.355827,7.879335,2.047943,144
14,0,0,0,1,8,12,10,0,2,1,0,0,1,0,1,7.260242,7.140578,2.841753,64
17,0,0,0,1,5,14,11,0,2,1,0,0,1,0,1,7.140578,7.281978,3.074295,25
15,0,0,0,1,9,16,17,0,2,1,0,0,1,0,1,7.582914,7.582914,3.18559,81
12,0,0,0,1,9,12,8,0,0,1,0,0,1,0,1,5.753662,7.875604,2.021805,81
12,0,0,0,1,14,12,10,0,4,0,0,0,1,0,1,6.26687,6.26687,1.674866,196
10,0,1,0,0,11,10,12,0,4,1,0,0,1,0,1,5.753662,7.875604,2.238047,121
12,0,0,0,1,14,12,12,0,2,1,0,0,1,0,1,6.26687,6.26687,2.668829,196
15,0,0,0,1,5,16,12,0,3,1,0,0,1,0,1,5.753662,7.875604,2.525729,25
12,0,0,0,1,9,16,16,0,1,1,0,0,1,0,1,6.922371,7.141676,2.425237,81
9,0,0,0,1,13,11,4,1,4,1,0,0,1,0,1,7.597932,7.35546,1.9951,169
12,0,0,0,1,8,9,12,0,2,1,0,0,1,0,1,7.141676,7.384336,2.351775,64
12,0,0,0,1,11,12,12,1,2,1,0,0,1,0,1,7.833584,7.597932,2.291286,121
12,0,0,0,1,8,12,12,0,5,1,0,0,1,0,1,6.922371,7.141676,2.64242,64
12,0,0,0,1,12,14,14,0,3,1,0,0,1,0,1,7.833584,7.597932,2.752125,144
12,0,0,0,1,8,12,14,0,3,1,0,0,1,0,1,6.922371,7.141676,2.851151,64
9,0,0,0,1,16,9,10,0,7,1,0,0,1,0,1,7.833584,7.833584,2.275504,256
8,0,0,0,1,14,10,12,0,7,1,0,0,1,0,1,7.597932,7.35546,1.570217,196
11,0,0,0,1,14,7,7,0,5,1,1,0,0,0,1,7.833584,7.833584,2.519498,196
13,0,0,0,1,8,14,13,0,2,1,0,0,1,0,1,6.922371,7.141676,2.73741,64
17,0,0,0,1,3,13,17,0,2,1,0,0,1,0,1,6.922371,7.141676,2.942192,9
15,0,0,0,1,9,12,14,0,1,1,0,0,1,0,1,7.833584,7.597932,2.486508,81
16,0,0,0,1,5,14,16,1,2,0,0,0,1,0,1,7.35546,6.922371,2.779835,25
17,0,0,0,1,5,12,9,0,3,1,0,0,1,0,1,7.35546,6.922371,2.56395,25
9,0,0,0,1,14,12,12,0,2,1,0,0,1,0,1,7.833584,7.597932,2.501036,196
12,0,0,0,1,9,12,12,0,2,1,0,0,1,0,1,7.35546,6.922371,3.20066,81
12,0,0,0,1,8,12,12,0,1,1,0,0,1,0,1,6.922371,7.141676,2.158004,64
12,1,0,0,0,11,10,12,0,7,0,0,0,1,0,1,7.597932,7.35546,2.191491,121
8,1,0,0,0,14,10,12,0,7,1,0,0,1,0,1,7.35546,6.922371,0.097455,196
16,0,0,0,1,11,12,12,0,1,0,0,0,1,0,1,5.26417,5.26417,2.287696,121
15,0,0,0,1,8,12,12,0,2,1,0,0,1,0,1,5.065289,5.355436,2.694147,64
13,0,0,0,1,14,15,14,0,1,1,0,0,1,0,1,5.26417,5.26417,3.449862,196
12,0,0,0,1,12,12,8,1,2,1,0,0,1,0,0,5.26417,5.26417,1.589635,144
11,0,0,0,1,13,10,8,0,5,1,0,0,1,0,0,5.26417,5.26417,2.070992,169
12,0,0,0,1,11,12,7,1,4,1,0,0,1,0,1,5.26417,5.065289,1.678431,121
12,0,0,0,1,9,11,8,0,0,0,0,0,1,0,1,6.293069,6.520659,2.312155,81
9,0,0,0,1,19,8,6,0,8,1,0,0,1,0,1,5.26417,5.26417,2.158004,361
13,0,0,0,1,10,12,12,1,3,1,0,0,1,0,1,5.065289,5.355436,2.617536,100
12,0,0,0,1,14,12,16,0,3,1,0,0,1,0,1,5.26417,5.26417,2.436116,196
13,0,0,0,1,9,6,6,0,4,1,0,0,1,0,1,5.065289,5.355436,1.906689,81
12,0,0,0,1,8,6,6,0,4,1,0,0,1,0,1,6.293069,6.520659,1.832582,64
9,0,0,0,1,12,11,12,1,3,1,0,0,1,0,1,5.355436,6.293069,1.906689,144
9,0,0,0,1,13,11,10,0,1,1,0,0,1,0,1,5.065289,5.355436,2.040221,169
11,0,0,0,1,9,12,13,1,1,1,0,0,1,0,1,6.293069,6.520659,2.371578,81
10,0,0,0,1,11,13,12,1,1,1,0,1,0,0,1,5.504197,5.708711,2.588427,121
12,0,0,0,1,12,14,14,0,1,1,0,0,1,0,0,5.26417,5.065289,2.313983,144
12,0,0,0,1,9,12,12,0,0,1,0,0,1,0,1,6.293069,6.520659,1.991035,81
15,0,0,0,1,8,16,14,1,1,1,0,0,1,0,1,5.26417,5.065289,2.997957,64
12,0,0,0,1,13,12,12,0,1,1,0,0,1,0,1,5.26417,5.26417,2.084158,169
15,0,0,0,1,8,12,13,0,5,1,0,0,1,0,1,5.065289,5.355436,2.701619,64
20,0,0,1,0,5,19,6,1,3,1,0,0,1,0,1,7.102453,7.102453,2.538307,25
12,0,0,0,1,10,12,15,0,0,1,0,0,1,0,1,5.534296,5.272789,1.370421,100
10,0,0,1,0,16,12,7,0,3,1,0,0,0,1,1,6.057975,6.057975,3.079114,256
12,0,0,0,1,11,10,16,0,2,0,0,0,1,0,1,5.534296,5.272789,2.348449,121
13,0,0,0,1,13,14,12,0,3,1,0,0,1,0,1,6.057975,6.057975,2.615015,169
12,0,0,0,1,13,12,12,0,3,1,0,0,1,0,1,6.057975,6.057975,2.027748,169
12,0,0,0,1,14,14,12,0,3,1,0,0,1,0,1,5.272789,4.779735,2.869439,196
12,0,1,0,0,10,12,12,0,5,1,0,1,0,0,1,8.367102,7.785217,2.358274,100
13,0,0,0,1,10,16,14,0,2,1,0,0,1,0,1,5.534296,5.272789,2.541602,100
13,0,0,1,0,10,9,11,0,6,1,0,0,1,0,1,5.534296,5.272789,2.6553,100
14,0,1,0,0,9,15,15,1,2,1,0,0,1,0,1,6.057975,5.534296,2.668829,81
8,0,0,0,1,18,12,10,0,0,1,0,0,1,0,1,6.057975,6.057975,1.100214,324
13,0,0,0,1,14,12,15,0,4,1,0,0,1,0,1,2.088957,2.088957,1.333323,196
6,0,0,0,1,19,10,12,0,1,1,0,1,0,0,1,2.088957,2.088957,2.61274,361
8,0,0,0,1,14,6,5,1,6,0,0,0,1,0,1,4.13228,3.895709,2.040221,196
12,0,0,0,1,13,12,12,1,6,1,0,0,1,0,1,2.088957,2.088957,2.551046,169
14,0,0,0,1,7,9,12,1,3,1,0,0,1,0,1,3.895709,3.810777,2.628007,49
15,0,0,0,1,6,12,15,0,2,1,0,0,1,0,1,4.13228,3.895709,3.197674,36
12,0,0,0,1,12,12,18,0,4,1,0,0,1,0,1,2.088957,2.088957,2.536501,144
15,0,0,0,1,7,12,12,1,5,1,0,0,1,0,1,2.251239,4.13228,2.826418,49
15,0,0,0,1,6,12,12,1,3,1,0,0,1,0,1,4.13228,3.895709,2.701619,36
14,0,0,1,0,9,12,16,0,1,1,0,0,1,0,1,2.088957,2.251239,2.952247,81
12,0,0,1,0,8,12,12,1,4,1,0,0,0,1,1,3.655973,4.205968,1.167605,64
10,0,0,1,0,16,12,12,0,2,1,0,0,0,1,1,3.049876,3.049876,2.668829,256
14,0,0,1,0,9,12,11,0,1,1,0,0,0,1,1,2.851569,3.702523,2.420368,81
15,0,0,1,0,9,14,11,0,6,1,0,0,0,1,1,3.049876,3.049876,1.959682,81
11,0,0,1,0,11,12,10,1,6,1,0,0,0,1,1,2.851569,3.702523,1.542498,121
11,0,0,1,0,14,11,11,0,2,1,0,0,0,1,1,3.049876,3.049876,2.433107,196
12,0,0,1,0,14,12,10,0,1,1,0,0,0,1,1,3.049876,3.049876,1.301366,196
12,0,0,1,0,10,16,16,0,2,1,0,0,0,1,1,3.702523,3.655973,1.94303,100
11,0,0,1,0,9,13,12,1,1,1,0,0,0,1,1,3.655973,4.205968,2.595838,81
8,0,1,0,0,12,14,12,1,4,1,0,1,0,0,1,8.870226,9.018834,1.670063,144
12,0,1,0,0,14,17,12,0,1,0,0,1,0,0,1,3.049876,3.049876,3.093713,196
15,0,0,1,0,12,12,12,0,3,1,0,0,0,1,1,3.049876,3.049876,2.897622,144
15,0,0,0,1,13,10,8,0,3,1,0,1,0,0,1,3.049876,3.049876,2.956511,169
12,0,1,0,0,12,8,7,1,3,0,0,0,0,1,1,3.049876,2.851569,1.662927,144
12,0,0,1,0,13,12,15,0,4,1,0,0,0,1,1,3.049876,3.049876,3.084143,169
13,0,0,1,0,14,12,20,1,9,1,0,0,0,1,1,3.049876,3.049876,2.473085,196
17,0,0,1,0,5,16,12,0,3,1,0,0,0,1,1,8.048181,7.35546,1.956339,25
12,0,0,1,0,11,16,17,0,3,1,0,0,0,1,1,7.958922,8.048181,2.302585,121
12,0,0,1,0,15,12,12,0,3,1,0,0,0,1,1,7.958922,7.958922,4.209275,225
11,0,0,1,0,16,12,12,0,6,1,0,0,0,1,0,7.958922,7.958922,2.959313,256
16,0,0,1,0,7,16,16,0,3,1,0,0,0,1,1,7.958922,8.048181,2.526175,49
15,0,0,1,0,7,12,12,0,3,1,0,0,0,1,1,0,0,2.752786,49
15,0,0,1,0,11,16,0,0,0,1,0,0,0,1,1,0,0,3.179655,121
11,0,0,1,0,9,13,9,0,1,1,0,0,0,1,1,0.410241,0.410241,3.200527,81
12,0,0,1,0,14,16,16,1,3,0,0,0,0,1,1,0,0,1.484275,196
12,0,0,1,0,12,14,12,1,2,1,0,0,0,1,1,0,0,2.851151,144
14,0,0,1,0,14,12,16,0,4,1,0,0,0,1,1,0,0,2.71072,196
10,0,0,1,0,12,16,14,0,2,1,0,0,0,1,1,0,0,1.906689,144
12,0,0,1,0,10,12,12,1,1,1,0,0,0,1,1,0,0.410241,2.648603,100
13,0,0,1,0,13,12,16,0,2,1,0,0,0,1,1,0,0,2.83343,169
19,0,0,1,0,2,12,12,1,1,1,0,0,0,1,1,0,0.410241,2.795243,4
10,0,1,0,0,14,9,14,1,4,1,0,1,0,0,1,7.582914,7.582914,1.433717,196
12,0,0,1,0,9,9,13,1,4,1,0,0,0,1,1,0,0.410241,2.484907,81
13,0,0,1,0,9,7,13,0,2,1,0,0,0,1,1,0,0.410241,1.703749,81
7,0,0,1,0,13,7,13,0,2,1,0,0,0,1,1,0.410241,0.410241,1.634756,169
10,0,0,1,0,13,12,16,0,4,1,0,0,0,1,1,0,0,1.723551,169
16,0,0,1,0,11,16,18,0,3,1,0,0,0,1,1,0,0,2.705197,121
13,0,0,1,0,8,13,20,0,0,1,0,0,0,1,1,0,1.310876,2.222542,64
13,0,0,1,0,13,15,16,0,0,1,0,0,0,1,1,0,0,2.548851,169
14,0,0,1,0,6,16,12,0,3,1,0,0,0,1,1,0.410241,0.410241,2.100845,36
15,0,0,1,0,9,12,12,0,2,1,0,0,0,1,1,0,0,2.2679,81
12,0,0,1,0,10,12,12,1,4,1,0,0,0,1,1,0,0,2.486508,100
12,0,0,1,0,15,15,16,1,5,1,0,0,0,1,1,0,0,0.747955,225
16,0,0,1,0,8,15,18,0,1,1,0,0,0,1,1,0,0,2.904563,64
14,0,0,1,0,12,10,8,0,1,1,0,0,0,1,1,6.392202,6.392202,2.403126,144
16,0,0,1,0,7,12,12,1,1,1,0,0,0,1,1,5.740658,5.05791,2.228897,49
11,0,0,1,0,17,12,12,0,4,1,0,0,0,1,1,6.392202,6.392202,3.138833,289
12,0,0,1,0,12,12,12,0,5,1,0,0,0,1,1,6.392202,6.392202,2.568288,144
15,0,0,1,0,6,12,8,0,2,1,0,0,0,1,1,5.05791,7.057223,2.773059,36
15,0,0,1,0,11,12,7,0,3,1,0,0,0,1,0,6.392202,6.392202,2.463425,121
14,0,0,1,0,7,12,12,0,1,1,0,0,0,1,1,7.057223,7.325157,1.660731,49
12,0,0,1,0,11,10,12,0,0,1,0,0,0,1,1,6.392202,5.740658,2.87855,121
12,0,0,1,0,11,12,12,1,3,1,0,0,0,1,1,6.392202,5.740658,2.728982,121
12,0,0,1,0,12,12,11,1,10,1,0,0,0,1,1,6.392202,6.392202,2.52292,144
13,0,0,1,0,12,12,13,0,2,0,0,0,0,1,1,6.392202,6.392202,2.16379,144
12,0,0,1,0,12,12,12,0,2,1,0,0,0,1,1,6.392202,6.392202,2.358675,144
12,0,0,1,0,9,9,11,0,1,1,0,0,0,1,1,5.05791,7.057223,3.138833,81
12,0,0,1,0,11,12,12,0,3,1,0,0,0,1,1,6.392202,5.740658,2.316008,121
9,0,0,1,0,11,8,13,0,10,1,0,0,0,1,1,7.057223,7.325157,2.610833,121
12,0,0,1,0,8,13,8,0,2,1,0,0,0,1,1,7.057223,7.325157,2.085711,64
12,0,0,1,0,11,13,12,0,2,1,0,0,0,1,1,6.392202,5.740658,2.295339,121
12,0,0,1,0,16,12,12,0,3,1,0,0,0,1,1,6.392202,6.392202,2.525729,256
15,0,1,0,0,11,15,20,0,2,1,0,1,0,0,1,6.392202,6.392202,2.273026,121
15,0,0,1,0,11,14,16,0,3,1,0,1,0,0,1,6.392202,6.392202,2.851151,121
19,0,0,0,1,5,12,10,1,2,1,0,0,0,1,0,0,0,3.221379,25
11,0,0,1,0,12,12,12,1,2,1,0,0,0,1,1,0,0,1.889813,144
9,0,0,1,0,11,10,10,1,5,1,0,0,0,1,1,0.410241,0.410241,0.385663,121
12,0,0,1,0,11,8,8,1,3,1,0,0,0,1,1,0,0,2.8201,121
12,0,0,1,0,8,12,10,0,1,1,0,0,0,1,1,0.410241,0.410241,2.388528,64
12,0,0,1,0,10,13,15,0,1,1,0,0,0,1,1,4.205968,4.205968,2.968825,100
12,0,0,1,0,13,12,12,0,3,1,0,0,0,1,1,0,0,2.866117,169
14,0,0,0,1,10,12,16,0,0,1,0,0,0,1,1,0,0,2.102096,100
12,0,0,1,0,12,11,10,1,8,1,0,0,0,1,1,0,0,2.20967,144
15,1,0,0,0,9,12,16,0,1,1,1,0,0,0,1,11.15503,11.15503,2.901361,81
13,1,0,0,0,10,16,20,0,4,1,1,0,0,0,1,11.15503,10.20562,2.597188,100
16,1,0,0,0,7,8,8,0,2,1,1,0,0,0,1,10.20562,9.867887,1.893318,49
15,1,0,0,0,9,12,12,0,2,1,1,0,0,0,1,11.15503,10.20562,2.933697,81
14,1,0,0,0,6,12,16,0,2,1,1,0,0,0,1,9.769236,9.343459,2.066341,36
12,1,0,0,0,15,10,9,0,4,1,1,0,0,0,1,11.15503,11.15503,2.30092,225
12,1,0,0,0,11,12,12,0,2,1,1,0,0,0,1,10.20562,9.867887,2.599837,121
12,0,0,0,1,12,12,12,0,1,1,1,0,0,0,1,11.15503,10.20562,2.514679,144
13,0,0,0,1,9,12,16,0,1,1,1,0,0,0,1,9.867887,3.895709,2.851151,81
16,0,0,0,1,9,16,16,0,1,1,1,0,0,0,1,10.34033,10.34033,3.200527,81
15,1,0,0,0,7,12,16,0,1,1,1,0,0,0,1,9.867887,9.769236,3.383919,49
15,1,0,0,0,6,14,12,0,1,1,1,0,0,0,1,9.769236,9.343459,2.434063,36
14,0,0,0,1,10,13,14,0,3,1,1,0,0,0,1,11.15503,10.20562,2.975575,100
12,1,0,0,0,13,12,16,0,2,1,1,0,0,0,1,11.15503,11.15503,3.07031,169
13,1,0,0,0,8,10,15,0,2,1,1,0,0,0,1,9.867887,9.769236,3.182508,64
13,1,0,0,0,12,11,16,0,2,1,1,0,0,0,1,11.15503,11.15503,2.997334,144
12,0,1,0,0,8,12,14,0,2,1,0,1,0,0,1,7.356897,7.748579,3.028832,64
15,1,0,0,0,11,12,12,0,1,1,1,0,0,0,0,11.15503,11.15503,2.337987,121
12,1,0,0,0,13,12,12,0,2,1,1,0,0,0,0,11.15503,11.15503,2.336187,169
12,0,1,0,0,13,12,11,1,3,0,0,1,0,0,1,10.34033,10.34033,3.261436,169
12,0,1,0,0,16,12,9,0,5,0,0,1,0,0,1,10.34033,10.34033,2.905218,256
20,1,0,0,0,7,10,10,0,3,1,0,1,0,0,1,10.34033,10.34033,2.934324,49
12,0,1,0,0,12,12,12,0,1,0,0,1,0,0,1,10.34033,9.755371,1.739116,144
13,0,1,0,0,13,10,10,0,3,0,0,1,0,0,1,10.34033,10.34033,1.092269,169
11,0,1,0,0,14,12,10,0,5,1,0,1,0,0,1,10.34033,10.34033,2.043724,196
12,0,1,0,0,10,12,10,0,5,0,0,1,0,0,1,9.755371,10.82658,1.197328,100
9,0,1,0,0,12,10,12,1,1,0,0,1,0,0,1,12.36138,12.25094,1.847211,144
12,0,1,0,0,8,12,12,0,0,0,0,1,0,0,1,12.36138,12.25094,2.28934,64
12,0,1,0,0,11,8,8,0,5,0,0,1,0,0,1,10.34033,9.755371,2.312155,121
10,0,1,0,0,14,10,10,0,2,0,0,1,0,0,0,10.34033,9.755371,2.120264,196
12,0,1,0,0,9,11,8,1,6,0,0,1,0,0,1,10.82658,12.36138,2.502198,81
12,0,1,0,0,10,12,12,0,3,0,0,1,0,0,1,9.755371,10.82658,2.377309,100
12,0,1,0,0,14,12,12,0,0,0,0,1,0,0,1,10.34033,10.34033,2.445686,196
11,0,1,0,0,13,12,12,0,3,1,0,1,0,0,1,10.34033,10.34033,2.118454,169
12,0,1,0,0,9,12,12,0,3,1,0,1,0,0,1,12.36138,12.25094,1.980985,81
16,0,1,0,0,10,12,12,0,2,1,0,1,0,0,1,10.34033,10.34033,2.571399,100
12,0,1,0,0,9,12,10,0,3,0,0,0,1,0,1,6.922371,12.25094,2.241385,81
12,0,1,0,0,16,12,12,0,2,0,0,1,0,0,0,10.34033,10.34033,2.968488,256
7,0,1,0,0,15,9,9,1,8,0,0,1,0,0,1,10.82658,12.36138,2.014903,225
12,0,1,0,0,10,10,8,0,4,1,0,1,0,0,1,9.755371,10.82658,1.796863,100
10,0,1,0,0,10,6,4,0,1,1,0,1,0,0,1,12.57115,13.08366,0.96065,100
9,0,1,0,0,17,12,7,0,11,1,0,1,0,0,0,14.16312,14.16312,1.183354,289
12,0,1,0,0,13,12,12,0,4,1,0,1,0,0,1,14.16312,14.16312,2.356422,169
12,0,1,0,0,10,12,12,0,4,1,0,1,0,0,1,13.9952,13.12412,2.718992,100
12,0,1,0,0,16,12,12,0,6,1,0,1,0,0,0,14.16312,14.16312,2.445686,256
15,0,0,0,1,6,12,12,0,3,1,0,1,0,0,1,13.12412,12.57115,2.602516,36
13,0,1,0,0,10,12,8,0,1,1,0,1,0,0,1,13.9952,13.12412,2.094894,100
12,0,1,0,0,13,12,8,0,1,1,0,1,0,0,0,14.16312,14.16312,2.381147,169
12,0,1,0,0,12,8,11,0,7,1,0,1,0,0,1,14.16312,14.16312,2.370855,144
15,0,1,0,0,6,8,8,1,6,1,0,1,0,0,1,12.57115,13.08366,2.865132,36
12,0,1,0,0,13,12,12,0,4,1,0,1,0,0,0,14.16312,14.16312,1.89712,169
12,0,0,0,1,11,12,8,0,3,1,0,1,0,0,1,13.9952,13.12412,2.472806,121
14,0,1,0,0,9,13,17,0,4,0,0,1,0,0,1,9.692757,9.417682,2.52851,81
16,0,1,0,0,6,13,18,0,4,1,0,1,0,0,1,8.826549,9.349703,2.751806,36
15,0,1,0,0,5,13,16,0,4,1,0,1,0,0,1,9.349703,10.44435,3.179655,25
16,0,1,0,0,4,13,16,0,4,1,0,1,0,0,1,9.349703,13.08366,2.019288,16
13,0,1,0,0,11,9,12,0,2,1,0,1,0,0,1,9.692757,9.417682,2.733368,121
10,0,1,0,0,17,12,12,0,8,0,0,1,0,0,1,9.692757,9.692757,1.783791,289
15,0,1,0,0,7,12,10,1,2,1,0,1,0,0,1,8.826549,9.349703,1.685738,49
12,0,1,0,0,8,12,10,0,3,1,0,1,0,0,1,10.44435,10.25602,1.600478,64
13,0,1,0,0,9,12,12,0,1,1,0,1,0,0,1,9.417682,8.826549,3.415586,81
12,0,0,0,1,13,12,12,0,1,1,0,1,0,0,1,9.692757,9.692757,3.11778,169
12,0,1,0,0,13,12,12,1,8,1,0,1,0,0,0,9.692757,9.692757,2.070992,169
12,0,1,0,0,9,12,12,1,3,1,0,1,0,0,1,8.826549,9.349703,1.021651,81
14,0,1,0,0,13,12,13,1,4,1,0,1,0,0,1,9.692757,9.692757,2.981204,169
16,0,0,1,0,11,14,16,0,2,1,0,1,0,0,1,9.692757,9.692757,2.057512,121
12,0,1,0,0,15,11,14,0,0,1,0,1,0,0,1,9.692757,9.692757,0.317454,225
14,0,1,0,0,13,12,14,0,3,0,0,1,0,0,1,9.692757,9.692757,2.769646,169
12,0,0,0,1,15,12,12,0,6,1,0,1,0,0,1,14.16312,14.16312,1.89712,225
12,0,1,0,0,14,12,11,1,3,1,0,1,0,0,1,9.692757,9.692757,2.335685,196
12,0,1,0,0,12,13,13,0,5,1,0,1,0,0,1,9.692757,9.417682,2.445686,144
14,0,1,0,0,13,12,16,0,1,1,0,1,0,0,1,9.692757,9.692757,2.967561,169
15,0,1,0,0,9,12,16,1,5,0,0,1,0,0,1,9.692757,9.692757,2.571191,81
15,0,1,0,0,8,12,12,0,3,0,0,1,0,0,1,9.417682,8.826549,2.439551,64
15,0,1,0,0,6,12,14,0,2,1,0,1,0,0,1,9.349703,10.44435,2.835884,36
15,0,1,0,0,11,12,14,0,5,1,0,1,0,0,1,9.692757,9.692757,2.956511,121
15,0,1,0,0,8,12,13,0,5,1,0,1,0,0,1,9.692757,9.417682,2.896792,64
12,0,0,0,1,16,12,7,0,2,0,0,0,1,0,0,6.26687,6.26687,1.68785,256
11,0,0,0,1,14,12,8,0,2,0,0,0,1,0,0,6.26687,6.26687,2.169054,196
11,0,0,0,1,15,8,12,0,1,0,0,0,1,0,1,6.26687,6.26687,1.855838,225
12,0,0,0,1,14,10,9,0,6,0,0,0,1,0,0,6.26687,6.26687,2.070992,196
12,0,0,0,1,13,10,12,1,2,0,0,0,1,0,0,6.26687,6.26687,2.158004,169
8,0,0,0,1,16,11,12,1,2,0,0,0,1,0,0,6.26687,5.628096,2.358675,256
17,0,0,0,1,8,16,12,0,1,1,0,0,1,0,1,6.26687,6.26687,3.165335,64
12,0,0,0,1,15,12,12,0,4,0,0,0,1,0,1,6.26687,6.26687,2.362528,225
12,0,0,0,1,15,12,12,0,3,0,0,0,1,0,0,6.26687,6.26687,1.970323,225
16,0,0,0,1,11,12,10,0,0,0,0,0,1,0,0,6.26687,6.26687,2.168054,121
8,0,0,0,1,17,7,8,0,3,0,0,0,1,0,0,6.26687,6.26687,1.190728,289
15,0,0,0,1,12,14,14,0,5,1,0,0,1,0,1,0,0,2.341672,144
12,0,0,0,1,12,13,13,0,5,1,0,0,1,0,1,2.088957,2.088957,2.480915,144
10,0,0,0,1,17,12,9,1,1,0,0,0,1,0,1,7.102453,7.102453,2.142004,289
12,0,0,0,1,10,12,12,0,1,1,0,0,1,0,1,2.251239,4.13228,2.701199,100
8,0,0,0,1,16,12,6,1,3,1,0,0,1,0,1,2.088957,2.088957,3.48124,256
8,0,0,0,1,13,8,8,0,9,1,0,0,1,0,1,4.13228,3.895709,1.375444,169
10,0,0,0,1,11,12,11,0,2,1,0,0,1,0,1,3.895709,3.810777,1.902691,121
12,0,0,0,1,15,12,9,0,1,1,0,0,1,0,1,2.088957,2.088957,2.546287,225
15,0,0,0,1,10,13,14,0,2,1,0,0,1,0,1,2.088957,2.088957,2.155603,100
16,0,0,0,1,6,16,20,0,2,1,0,0,1,0,1,4.13228,3.895709,2.525729,36
15,0,0,0,1,9,19,20,0,2,1,0,0,1,0,1,3.760122,3.760122,2.62647,81
19,0,0,0,1,2,16,16,0,3,1,0,0,1,0,1,4.13228,3.895709,2.024412,4
12,0,0,0,1,14,12,12,0,5,1,0,0,1,0,0,2.088957,2.088957,2.338816,196
19,0,0,0,1,1,16,19,0,1,1,0,0,1,0,1,3.895709,3.810777,2.300848,1
13,0,0,0,1,12,16,17,0,0,1,0,0,1,0,1,2.088957,2.088957,3.150668,144
15,0,0,1,0,12,19,20,1,2,1,0,0,1,0,1,0,0,2.956511,144
16,0,0,0,1,8,19,20,1,2,1,0,0,1,0,1,2.088957,2.251239,2.079442,64
13,0,0,0,1,9,12,14,0,3,1,0,0,1,0,1,4.13228,3.895709,2.002777,81
12,0,0,0,1,15,18,14,1,4,1,0,0,1,0,1,2.088957,2.088957,2.077444,225
15,0,0,0,1,8,14,16,0,1,1,0,0,1,0,1,2.088957,2.251239,3.258355,64
15,0,0,0,1,10,12,16,0,1,1,0,0,1,0,1,2.088957,2.088957,2.008672,100
12,0,0,0,1,12,12,12,0,1,0,0,0,1,0,1,2.088957,2.088957,2.905218,144
12,0,0,0,1,11,12,12,0,1,1,0,0,1,0,1,2.088957,2.251239,2.82298,121
13,0,0,0,1,12,11,11,0,3,1,0,0,1,0,1,4.240583,4.240583,2.56617,144
12,0,0,0,1,11,9,7,0,4,1,0,0,1,0,1,4.240583,5.628096,2.594084,121
15,0,0,0,1,7,12,14,0,2,1,0,0,1,0,1,5.628096,4.958737,3.157182,49
6,0,0,0,1,15,10,8,0,5,1,0,0,1,0,1,4.958737,5.618809,1.609438,225
16,0,0,0,1,5,12,12,0,2,1,0,0,1,0,1,4.958737,5.618809,2.476195,25
13,0,0,0,1,13,12,12,1,2,1,0,0,1,0,1,4.240583,4.240583,1.422258,169
12,0,0,0,1,11,12,12,0,1,1,0,0,1,0,1,4.240583,5.628096,2.164924,121
12,0,0,1,0,11,16,16,1,1,1,0,0,1,0,1,4.240583,5.628096,3.48714,121
12,0,0,0,1,9,12,11,0,6,1,0,0,1,0,1,5.618809,5.292743,2.386472,81
12,0,1,0,0,12,16,16,0,1,0,0,0,0,1,0,7.520245,7.520245,2.168804,144
10,0,0,1,0,15,10,8,1,4,1,0,0,0,1,1,7.520245,7.520245,1.492767,225
11,0,0,1,0,14,12,10,1,2,0,0,0,0,1,0,7.520245,7.520245,0.07078,196
11,0,0,1,0,14,12,12,0,5,1,0,0,0,1,1,7.520245,7.520245,2.668829,196
12,0,0,1,0,12,11,8,0,3,1,0,0,0,1,1,10.06877,10.06877,3.117219,144
20,0,0,1,0,7,14,16,0,2,1,0,0,0,1,0,7.520245,7.520245,2.270948,49
13,0,0,1,0,13,13,6,1,2,1,0,0,0,1,0,6.705548,6.705548,2.322482,169
10,0,0,0,1,14,11,12,1,7,1,0,0,0,1,0,7.520245,7.520245,2.343407,196
12,0,0,1,0,14,12,12,0,6,1,0,0,0,1,0,7.520245,7.520245,1.832582,196
13,0,0,1,0,11,14,14,0,1,1,0,0,0,1,1,7.520245,7.520245,1.86925,121
12,0,0,1,0,14,12,12,0,1,1,0,0,0,1,1,0,0,2.161086,196
16,0,0,1,0,10,12,12,1,3,0,0,0,0,1,1,0,0,2.678226,100
12,0,0,1,0,16,12,12,0,6,0,0,0,0,1,0,0,0,2.277612,256
14,0,0,1,0,13,16,14,0,2,1,0,0,0,1,0,0,0,2.647089,169
12,0,0,1,0,12,18,20,0,3,0,0,0,0,1,1,0,0,1.975682,144
12,0,0,1,0,15,8,10,1,5,0,0,0,0,1,1,0,0,1.857899,225
14,0,0,1,0,13,12,11,0,2,0,0,0,0,1,1,0,0,1.956634,169
12,0,0,1,0,13,12,13,0,3,0,0,0,0,1,0,0,0,2.12225,169
9,0,1,0,0,19,8,8,0,13,0,0,1,0,0,0,9.692757,9.692757,2.002481,361
9,0,1,0,0,15,7,7,0,5,0,0,1,0,0,1,9.692757,9.417682,2.302585,225
12,0,1,0,0,11,13,13,0,4,1,0,1,0,0,1,9.692757,9.417682,2.20875,121
12,0,1,0,0,10,12,14,0,3,0,0,1,0,0,1,8.826549,9.349703,2.302585,100
12,0,1,0,0,13,10,6,0,6,1,0,1,0,0,0,9.692757,9.692757,2.181791,169
12,0,1,0,0,15,12,11,0,4,0,0,1,0,0,0,9.692757,9.692757,0.693147,225
12,0,1,0,0,15,12,12,0,5,1,0,1,0,0,0,9.692757,9.692757,2.403126,225
10,0,1,0,0,14,12,9,1,5,1,0,1,0,0,0,9.692757,9.417682,1.595645,196
12,0,0,1,0,11,12,12,0,4,1,0,0,0,1,1,0,0,2.080871,121
15,0,1,0,0,9,19,16,0,2,0,0,1,0,0,0,9.692757,9.692757,3.051245,81
12,0,1,0,0,13,12,12,0,3,0,0,1,0,0,0,9.692757,9.692757,2.069963,169
12,0,1,0,0,14,12,14,0,3,0,0,1,0,0,1,9.692757,9.692757,1.997895,196
16,0,1,0,0,8,13,16,0,1,1,0,1,0,0,1,9.692757,9.417682,2.648603,64
15,0,1,0,0,10,12,15,0,3,0,0,1,0,0,1,9.692757,9.692757,2.705197,100
13,0,1,0,0,11,12,12,0,3,1,0,1,0,0,0,11.28037,10.76843,1.832582,121
15,0,1,0,0,10,12,12,0,3,1,0,1,0,0,1,7.770915,7.770915,2.744196,100
12,0,1,0,0,15,12,12,0,3,0,0,1,0,0,1,11.28037,11.28037,1.716509,225
10,0,0,1,0,14,11,12,0,3,1,0,1,0,0,1,11.28037,10.76843,2.76414,196
15,0,1,0,0,9,10,12,0,4,1,0,1,0,0,1,11.28037,11.28037,2.385532,81
12,0,1,0,0,13,12,12,0,3,1,0,1,0,0,0,11.28037,11.28037,2.738878,169
12,0,1,0,0,12,11,9,0,4,0,0,1,0,0,1,11.28037,11.28037,2.022202,144
12,0,1,0,0,11,9,9,0,3,1,0,1,0,0,1,7.582914,7.260242,2.094288,121
14,0,1,0,0,13,12,8,0,8,0,0,1,0,0,0,11.28037,11.28037,2.322788,169
12,0,1,0,0,12,12,12,0,3,0,0,1,0,0,0,11.28037,10.76843,1.752539,144
12,0,1,0,0,14,12,18,0,6,1,0,1,0,0,1,11.28037,11.28037,2.608205,196
12,0,1,0,0,13,12,12,0,5,0,0,1,0,0,0,11.28037,11.28037,0.366244,169
15,0,1,0,0,11,12,12,0,5,0,0,1,0,0,0,7.582914,7.582914,1.862266,121
12,0,0,0,1,11,15,14,0,5,1,0,1,0,0,1,7.260242,7.140578,2.001987,121
12,0,1,0,0,10,15,14,0,5,1,0,1,0,0,1,7.140578,7.281978,2.943519,100
17,0,1,0,0,6,12,12,0,3,0,0,1,0,0,1,7.582914,7.260242,2.548058,36
15,0,1,0,0,10,8,8,0,3,1,0,1,0,0,0,11.28037,11.28037,1.752112,100
15,0,0,1,0,10,14,16,0,4,1,0,1,0,0,0,11.28037,11.28037,2.733368,100
9,0,0,0,1,16,7,4,0,3,0,0,0,1,0,0,5.932637,5.932637,0.445897,256
12,0,0,0,1,13,12,5,0,2,0,0,0,1,0,0,2.444079,2.444079,1.208427,169
12,0,0,0,1,13,12,12,0,3,0,0,0,1,0,0,2.444079,2.444079,2.847312,169
15,0,0,0,1,10,12,4,0,5,0,0,0,1,0,0,2.444079,2.444079,2.872094,100
12,0,0,0,1,12,12,6,0,2,0,0,0,1,0,1,2.444079,2.444079,1.855278,144
9,0,0,0,1,16,8,8,0,1,0,0,0,1,0,1,2.444079,2.444079,1.311393,256
10,0,0,0,1,14,7,7,0,4,0,0,0,1,0,1,2.444079,2.444079,2.18498,196
12,0,0,0,1,15,8,8,0,11,0,0,0,1,0,1,2.444079,2.444079,2.851151,225
12,0,0,0,1,16,12,6,0,2,0,0,0,1,0,0,2.444079,2.444079,1.870322,256
10,0,0,0,1,15,9,6,0,3,0,0,0,1,0,0,2.444079,2.444079,2.01362,225
9,0,0,0,1,11,6,11,0,3,1,0,0,1,0,1,7.141676,7.384336,2.202237,121
12,0,0,0,1,15,11,8,0,5,0,0,0,1,0,0,2.444079,2.444079,1.970323,225
12,0,0,0,1,15,12,12,0,3,0,0,0,1,0,0,2.444079,2.444079,2.25217,225
9,0,0,0,1,19,12,12,0,4,0,0,0,1,0,0,2.444079,2.444079,1.216876,361
15,0,0,0,1,10,12,16,0,1,1,0,0,1,0,0,2.444079,2.444079,1.820585,100
15,0,0,0,1,11,14,14,0,1,1,0,0,1,0,1,2.444079,2.444079,2.714892,121
9,0,0,0,1,16,9,10,0,3,0,0,0,1,0,0,2.444079,2.444079,1.857899,256
12,0,0,0,1,9,11,7,0,4,1,0,0,1,0,1,7.140578,7.281978,2.430418,81
12,0,0,0,1,11,9,8,0,1,1,0,0,1,0,1,7.582914,7.260242,1.178792,121
11,0,0,0,1,11,11,12,0,3,1,0,0,1,0,1,7.140578,7.140578,2.402406,121
13,0,0,0,1,15,12,12,1,1,1,0,0,1,0,1,7.582914,7.582914,2.594048,225
16,0,0,0,1,11,16,17,0,2,1,0,0,1,0,1,7.582914,7.582914,3.556682,121
12,0,0,0,1,13,12,12,0,2,1,0,0,1,0,0,7.582914,7.582914,2.614394,169
15,0,0,0,1,13,12,12,0,2,1,0,0,1,0,1,7.582914,7.582914,2.633942,169
15,0,0,0,1,11,12,14,0,2,1,0,0,1,0,0,7.582914,7.582914,2.904761,121
19,0,0,0,1,8,12,11,1,0,1,0,0,1,0,1,7.582914,7.582914,4.22336,64
12,0,0,1,0,15,15,18,0,1,1,0,0,0,1,1,6.684662,6.684662,3.127614,225
12,0,0,1,0,11,12,12,0,3,1,0,0,0,1,1,6.684662,6.753715,1.564624,121
12,0,0,1,0,8,12,11,0,1,1,0,0,0,1,1,8.948264,8.669755,2.523945,64
13,0,0,1,0,14,14,16,0,1,1,0,0,0,1,1,6.684662,6.684662,2.867899,196
13,0,0,1,0,12,14,12,0,1,1,0,0,0,1,1,6.684662,6.684662,2.100845,144
11,0,0,0,1,15,9,6,1,2,1,0,0,1,0,0,6.684662,6.684662,1.730066,225
12,0,0,1,0,15,10,8,0,6,1,0,0,0,1,1,6.684662,6.684662,2.525729,225
13,0,0,1,0,13,14,13,0,2,1,0,0,0,1,1,6.684662,6.684662,3.159452,169
12,0,0,1,0,12,12,6,0,1,1,0,0,0,1,1,6.684662,6.684662,2.263364,144
13,0,0,1,0,12,12,10,0,4,1,0,1,0,0,1,6.684662,6.684662,2.515071,144
12,0,0,1,0,9,12,12,1,3,1,0,0,0,1,1,7.611615,7.621554,2.158004,81
12,0,0,1,0,12,12,12,0,2,1,0,0,0,1,0,7.958922,7.958922,2.627511,144
11,1,0,0,0,15,11,10,0,3,1,1,0,0,0,1,7.394907,7.394907,2.571773,225
9,1,0,0,0,11,0,0,0,2,1,1,0,0,0,1,15.17254,15.13789,2.934324,121
12,1,0,0,0,9,10,12,0,3,1,1,0,0,0,1,13.93464,15.17254,2.733368,81
12,1,0,0,0,11,16,16,0,1,1,1,0,0,0,1,15.08226,15.00826,2.634928,121
16,1,0,0,0,7,14,16,0,5,1,1,0,0,0,1,11.15503,10.20562,3.072613,49
12,0,0,0,1,10,12,8,0,2,0,1,0,0,0,1,12.36305,11.96709,1.337981,100
15,0,0,0,1,5,12,8,0,2,1,0,0,1,0,1,12.39135,7.141676,2.758686,25
15,0,1,0,0,6,12,12,0,1,1,0,1,0,0,1,13.38858,13.63498,1.906689,36
15,0,0,1,0,8,14,18,0,3,1,0,1,0,0,1,11.28037,10.76843,2.89831,64
12,0,1,0,0,9,12,17,0,3,1,0,1,0,0,1,10.54558,10.11386,2.544421,81
12,0,0,0,1,14,17,18,0,3,1,0,0,1,0,1,2.088957,2.088957,2.924636,196
12,0,0,1,0,9,12,12,0,2,1,0,0,0,1,1,5.140558,5.513926,1.975682,81
12,0,0,1,0,9,12,13,0,2,0,0,0,0,1,1,5.140558,5.513926,1.589635,81
12,0,0,1,0,13,12,11,0,0,1,0,0,0,1,1,5.953526,5.953526,1.782313,169
12,0,0,1,0,11,14,14,0,2,1,0,0,0,1,1,0,0,2.371578,121
12,0,1,0,0,13,12,12,0,6,0,0,1,0,0,0,10.34033,10.34033,2.918122,169
12,1,0,0,0,10,16,17,0,3,1,1,0,0,0,1,8.595144,9.499537,2.836831,100
15,1,0,0,0,6,14,20,0,1,1,1,0,0,0,1,6.053333,6.125471,2.147292,36
17,0,1,0,0,9,14,16,0,1,0,1,0,0,0,1,7.394907,7.394907,2.158485,81
12,1,0,0,0,15,12,11,0,1,1,1,0,0,0,1,15.08226,15.08226,2.501036,225
17,0,0,0,1,10,16,18,0,2,1,1,0,0,0,1,15.08226,15.08226,2.862201,100
13,1,0,0,0,9,12,13,0,5,0,1,0,0,0,1,12.36305,11.96709,2.431293,81
15,1,0,0,0,9,12,12,1,1,1,1,0,0,0,1,11.15503,11.15503,1.975682,81
11,0,1,0,0,14,9,1,1,7,1,0,1,0,0,1,9.692757,9.692757,2.259729,196
12,0,1,0,0,12,12,12,0,0,1,0,1,0,0,0,8.334936,8.334936,1.585721,144
14,0,1,0,0,10,12,14,0,0,1,0,0,1,0,1,8.334936,8.334936,2.905067,100
16,0,1,0,0,11,12,12,1,1,0,0,1,0,0,1,14.16312,14.16312,3.044523,121
12,0,1,0,0,10,12,14,0,2,1,0,1,0,0,1,13.12412,12.57115,2.377297,100
14,0,1,0,0,6,11,13,1,1,1,0,1,0,0,1,5.708711,5.956101,2.131437,36
12,0,0,0,1,10,11,11,0,3,1,0,0,1,0,1,5.628096,5.652959,2.212071,100
8,0,0,0,1,14,9,8,1,4,1,0,0,1,0,1,5.065289,5.355436,1.613613,196
16,0,0,0,1,7,12,12,0,1,0,0,0,1,0,1,5.065289,5.355436,1.988928,49
20,0,0,0,1,8,16,18,0,1,1,0,0,1,0,1,9.838986,9.838986,2.428128,64
12,0,0,0,1,14,12,9,0,0,1,0,0,1,0,1,6.057975,6.057975,2.34591,196
16,0,0,1,0,9,12,12,0,2,1,0,0,0,1,1,3.049876,3.049876,2.87855,81
20,0,0,1,0,5,16,19,0,1,1,0,0,0,1,1,0,0,3.110662,25
10,0,0,1,0,12,12,12,0,2,1,0,0,0,1,1,0,0,2.138956,144
17,0,0,0,1,8,20,20,1,2,1,0,0,0,1,1,0,9.173661,2.321277,64
15,0,0,1,0,5,20,20,1,2,1,0,0,0,1,1,0.410241,0.410241,1.67986,25
12,0,0,0,1,16,12,16,0,2,1,1,0,0,0,0,11.15503,11.15503,1.906049,256
12,1,0,0,0,9,12,12,0,1,1,1,0,0,0,1,9.769236,9.343459,1.194323,81
15,1,0,0,0,7,12,12,0,3,1,1,0,0,0,1,10.20562,9.867887,3.725083,49
15,1,0,0,0,11,16,16,0,2,1,1,0,0,0,1,12.38751,12.38751,2.342515,121
11,0,1,0,0,14,11,10,0,3,1,0,1,0,0,1,14.16312,14.16312,2.122238,196
12,0,0,1,0,15,12,8,0,5,0,0,1,0,0,1,9.692757,9.692757,1.538281,225
16,0,1,0,0,4,13,14,0,3,1,0,1,0,0,1,9.349703,10.44435,2.474195,16
12,0,1,0,0,9,12,11,0,5,1,0,1,0,0,1,9.349703,10.44435,2.263364,81
12,0,0,0,1,9,12,12,0,2,1,0,0,1,0,1,3.895709,3.810777,2.045831,81
19,0,0,1,0,6,13,14,0,3,1,0,0,0,1,0,0,0,4.514252,36
16,0,0,0,1,11,14,16,0,5,1,0,0,1,0,0,2.444079,2.444079,2.563469,121
8,0,0,0,1,19,6,10,1,9,1,0,1,0,0,1,7.582914,7.582914,2.525729,361
11,0,0,0,1,10,8,9,0,5,1,0,0,1,0,1,7.281978,7.720351,1.288714,100
