annearn,hrearn,exper,age,depends,married,tenure,educ,nrtheast,nrthcen,south,male,white,union,office,annhrs,ind1,ind2,ind3,ind4,ind5,ind6,ind7,ind8,ind9,vacdays,sicklve,insur,pension,annbens,hrbens,annhrssq,beratio,lannhrs,tenuresq,expersq,lannearn,peratio,vserat
15000,7.81,14,36,2,1,15,18,1,0,0,1,1,0,1,1920,1,0,0,0,0,0,0,0,0,974.8,421,617.81,1367.8,3381.41,1.76,3686400,0.225427,7.560081,225,196,9.615806,0.091187,0.093053
6500,5,7,23,0,0,8,10,0,0,1,1,1,0,0,1300,0,1,0,0,0,0,0,0,0,0,0,0,0,0,0,1690000,0,7.17012,64,49,8.779557,0,0
6908.99,2.35,22,38,3,1,0.5,6,0,0,1,1,1,0,0,2940,0,1,0,0,0,0,0,0,0,0,0,0,0,0,0,8643600,0,7.986165,0.25,484,8.840579,0,0
5512.5,4.5,2,18,0,0,0.5,12,0,0,1,1,1,0,0,1225,0,1,0,0,0,0,0,0,0,0,0,0,0,0,0,1500625,0,7.110696,0.25,4,8.614774,0,0
7800,3.75,19,35,0,0,2,12,0,0,1,1,0,0,0,2080,0,1,0,0,0,0,0,0,0,0,0,0,0,0,0,4326400,0,7.640123,4,361,8.961879,0,0
9187.5,3.75,24,40,3,1,8,13,1,0,0,1,1,0,0,2450,0,1,0,0,0,0,0,0,0,343.3,107.93,473.31,503.96,1428.5,0.58,6002500,0.155483,7.803843,64,576,9.125599,0.054853,0.049113
8880,4.63,42,58,0,1,8,12,1,0,0,1,1,1,0,1920,0,1,0,0,0,0,0,0,0,343.3,107.93,473.31,503.96,1428.5,0.74,3686400,0.160867,7.560081,64,1764,9.091557,0.056752,0.050814
8532.69,3.72,21,37,1,1,0.5,13,0,1,0,1,1,0,0,2295,0,1,0,0,0,0,0,0,0,343.3,107.93,473.31,503.96,1428.5,0.62,5267025,0.167415,7.738488,0.25,441,9.05166,0.059062,0.052882
8225,5,22,37,5,0,15,10,1,0,0,1,1,1,0,1645,0,1,0,0,0,0,0,0,0,203.4,84.01,261.99,0,549.4,0.33,2706025,0.066796,7.405496,225,484,9.014934,0,0.034944
8916,4.55,40,59,0,1,8,6,0,0,1,1,1,1,0,1960,0,1,0,0,0,0,0,0,0,30.93,0,465.29,494.64,990.86,0.51,3841600,0.111133,7.5807,64,1600,9.095603,0.055478,0.003469
8064,4,8,24,1,0,0.5,12,0,1,0,1,1,0,0,2016,0,1,0,0,0,0,0,0,0,0,0,0,0,0,0,4064256,0,7.608871,0.25,64,8.995165,0,0
11232,4.5,19,39,3,1,2,10,0,0,1,1,1,0,0,2496,0,1,0,0,0,0,0,0,0,0,0,494.75,0,494.75,0.2,6230016,0.044048,7.822445,4,361,9.326522,0,0
16615.4,8.65,35,52,2,1,25,12,0,0,0,1,1,1,0,1920,0,1,0,0,0,0,0,0,0,1302.86,760,1425.51,1190.8,4679.17,2.44,3686400,0.281616,7.560081,625,1225,9.718085,0.071668,0.124153
12100,6.17,30,46,1,1,15,10,0,0,1,1,1,1,0,1960,0,1,0,0,0,0,0,0,0,485.11,155.11,1300.4,1286.3,3226.92,1.65,3841600,0.266688,7.5807,225,900,9.400961,0.106306,0.052911
18000,5.25,7,23,1,0,2,13,0,0,1,1,1,0,0,3430,0,1,0,0,0,0,0,0,0,485.11,155.11,1300.4,1286.3,3226.92,0.94,11800000,0.179273,8.140316,4,49,9.798127,0.071461,0.035568
12862.5,7,40,60,0,1,15,10,1,0,0,1,1,1,0,1837.5,0,1,0,0,0,0,0,0,0,485.11,155.11,1300.4,1286.3,3226.92,1.76,3376406,0.250878,7.516161,225,1600,9.462071,0.100004,0.049774
13739.6,7.01,20,39,1,1,2,6,0,0,1,1,1,1,0,1960,0,1,0,0,0,0,0,0,0,485.11,155.11,1300.4,1286.3,3226.92,1.65,3841600,0.234863,7.5807,4,400,9.528037,0.09362,0.046597
14726.2,5.25,5,21,1,1,2,12,0,0,1,1,1,0,0,2805,0,1,0,0,0,0,0,0,0,430,231,648,0,1309,0.47,7868025,0.088889,7.939159,4,25,9.597383,0,0.044886
12524.4,5.68,45,51,0,1,15,10,1,0,0,1,1,0,0,2205,0,1,0,0,0,0,0,0,0,149.99,0,1153.97,1394.1,2698.06,1.22,4862025,0.215424,7.698483,225,2025,9.435434,0.111311,0.011976
21168,7.2,7,23,2,1,8,12,0,1,0,1,1,0,0,2940,0,1,0,0,0,0,0,0,0,139.56,0,356.26,0,495.82,0.17,8643600,0.023423,7.986165,64,49,9.960246,0,0.006593
16717.3,7.51,40,58,1,1,2,12,0,0,1,1,1,1,0,2226,0,1,0,0,0,0,0,0,0,0,0,819.9,888.49,1708.39,0.77,4955076,0.102193,7.707962,4,1600,9.724199,0.053148,0
21732.5,11.76,14,34,0,1,2,13,0,0,0,1,1,1,0,1848,0,1,0,0,0,0,0,0,0,0,0,819.9,888.49,1708.39,0.92,3415104,0.07861,7.521859,4,196,9.986564,0.040883,0
19344,12.4,37,55,0,1,0.5,12,0,0,1,1,1,1,0,1560,0,1,0,0,0,0,0,0,0,0,0,819.9,888.49,1708.39,1.1,2433600,0.088316,7.352441,0.25,1369,9.870137,0.045931,0
24200,12.1,35,51,2,0,0.5,13,0,1,0,1,1,1,0,2000,0,1,0,0,0,0,0,0,0,0,0,819.9,888.49,1708.39,0.85,4000000,0.070595,7.600903,0.25,1225,10.09411,0.036714,0
16524,6,11,27,4,1,0.5,12,0,1,0,1,1,0,0,2754,0,1,0,0,0,0,0,0,0,0,0,138.75,0,138.75,0.05,7584516,0.008397,7.92081,0.25,121,9.712569,0,0
19408,12.13,9,25,1,1,0.5,13,0,1,0,1,1,1,0,1600,0,1,0,0,0,0,0,0,0,0,0,138.75,0,138.75,0.09,2560000,0.007149,7.377759,0.25,81,9.873441,0,0
9600,4.71,4,20,0,1,0.5,12,1,0,0,1,1,0,1,2040,0,1,0,0,0,0,0,0,0,356.11,184.08,464.82,0,1005.01,0.49,4161600,0.104689,7.620705,0.25,16,9.169518,0,0.05627
15576.9,7.79,18,47,1,1,0.5,13,0,0,1,1,1,0,1,2000,0,1,0,0,0,0,0,0,0,995.69,408.11,917.51,1452.01,3773.32,1.89,4000000,0.242238,7.600903,0.25,324,9.653544,0.093216,0.090121
15824.4,7.83,43,59,0,1,25,12,0,0,1,1,1,0,1,2021,0,1,0,0,0,0,0,0,0,995.69,408.11,917.51,1452.01,3773.32,1.87,4084441,0.23845,7.611348,625,1849,9.669309,0.091758,0.088711
18900,9.04,24,45,7,1,4,16,0,0,0,1,1,0,1,2091,0,1,0,0,0,0,0,0,0,995.69,408.11,917.51,1452.01,3773.32,1.8,4372281,0.199647,7.645398,16,576,9.846917,0.076826,0.074275
22000,8.16,20,36,4,1,15,12,0,1,0,1,1,1,1,2695,0,1,0,0,0,0,0,0,0,748.21,349.15,966.18,0,2063.54,0.77,7263025,0.093797,7.899154,225,400,9.998797,0,0.04988
19840,9.92,24,40,3,1,8,6,0,0,1,1,1,0,1,2000,0,1,0,0,0,0,0,0,0,748.21,349.15,966.18,0,2063.54,1.03,4000000,0.104009,7.600903,64,576,9.895455,0,0.05531
24000,12.77,14,35,2,1,8,16,0,0,0,1,1,0,1,1880,0,1,0,0,0,0,0,0,0,748.21,349.15,966.18,0,2063.54,1.1,3534400,0.085981,7.539027,64,196,10.08581,0,0.045723
27000,11.72,34,50,2,1,4,8,0,1,0,1,1,0,1,2304,0,1,0,0,0,0,0,0,0,748.21,349.15,966.18,0,2063.54,0.9,5308416,0.076427,7.742402,16,1156,10.20359,0,0.040643
26000,13.27,31,51,1,1,15,16,0,0,0,1,1,0,1,1960,0,1,0,0,0,0,0,0,0,1147.83,357.61,1107.05,1672.83,4285.32,2.19,3841600,0.16482,7.5807,225,961,10.16585,0.06434,0.057902
6691.2,3.28,3,24,3,0,0.5,10,0,0,1,0,0,0,0,2040,0,0,1,0,0,0,0,0,0,147.67,41.05,0,0,188.72,0.09,4161600,0.028204,7.620705,0.25,9,8.808549,0,0.028204
7467.6,3.81,39,57,2,1,15,12,0,1,0,1,1,0,0,1960,0,0,1,0,0,0,0,0,0,281.69,1.17,386.5,296.51,965.87,0.49,3841600,0.129341,7.5807,225,1521,8.918329,0.039706,0.037878
7399.99,3.7,5,29,3,1,2,13,0,1,0,1,0,1,0,2000,0,0,1,0,0,0,0,0,0,281.69,1.17,386.5,296.51,965.87,0.48,4000000,0.130523,7.600903,4,25,8.909234,0.040069,0.038224
7871.99,4.1,5,23,0,0,0.5,12,0,0,1,1,1,0,0,1920,0,0,1,0,0,0,0,0,0,210.26,0,342.79,0,553.05,0.29,3686400,0.070255,7.560081,0.25,25,8.971066,0,0.02671
7020,3,12,26,4,1,2,12,0,0,1,1,1,0,0,2340,0,0,1,0,0,0,0,0,0,0,0,0,0,0,0,5475600,0,7.757906,4,144,8.856519,0,0
10454.4,6.05,20,36,3,1,15,12,0,1,0,1,1,1,0,1728,0,0,1,0,0,0,0,0,0,453.63,1.45,568.03,421.65,1444.76,0.84,2985984,0.138196,7.45472,225,400,9.254778,0.040332,0.04353
9839.99,4.1,13,31,1,1,15,12,1,0,0,1,1,0,0,2400,0,0,1,0,0,0,0,0,0,453.63,1.45,568.03,421.65,1444.76,0.6,5760000,0.146825,7.783224,225,169,9.19421,0.042851,0.046248
9243.74,4.93,49,65,0,1,15,6,0,1,0,1,0,1,0,1875,0,0,1,0,0,0,0,0,0,453.63,1.45,568.03,421.65,1444.76,0.77,3515625,0.156296,7.536364,225,2401,9.131701,0.045615,0.049231
9878.39,4.2,29,49,1,1,15,8,1,0,0,1,1,0,0,2352,0,0,1,0,0,0,0,0,0,453.63,1.45,568.03,421.65,1444.76,0.61,5531904,0.146255,7.763021,225,841,9.198105,0.042684,0.046068
11707.9,7.07,23,45,2,1,25,6,0,0,1,1,0,1,0,1656,0,0,1,0,0,0,0,0,0,453.63,1.45,568.03,421.65,1444.76,0.87,2742336,0.1234,7.41216,625,529,9.368019,0.036014,0.03887
9552.55,5.57,20,36,3,1,15,13,1,0,0,1,0,0,0,1715,0,0,1,0,0,0,0,0,0,453.63,1.45,568.03,421.65,1444.76,0.84,2941225,0.151243,7.447168,225,400,9.164563,0.04414,0.04764
10700,5.35,12,31,0,1,4,16,0,1,0,1,1,1,0,2000,0,0,1,0,0,0,0,0,0,124,0,136.07,0,260.07,0.13,4000000,0.024306,7.600903,16,144,9.277999,0,0.011589
8255.99,4.3,23,40,1,1,2,12,0,0,1,1,1,0,0,1920,0,0,1,0,0,0,0,0,0,124,0,136.07,0,260.07,0.14,3686400,0.031501,7.560081,4,529,9.018694,0,0.015019
13160,7,38,58,4,1,25,12,1,0,0,1,1,1,0,1880,0,0,1,0,0,0,0,0,0,674.78,145.13,874.29,797.09,2491.29,1.33,3534400,0.189308,7.539027,625,1444,9.484938,0.060569,0.062303
19400,7.07,33,49,1,0,15,12,0,1,0,1,1,1,0,2744,0,0,1,0,0,0,0,0,0,674.78,145.13,874.29,797.09,2491.29,0.91,7529536,0.128417,7.917172,225,1089,9.873029,0.041087,0.042263
15320.4,7.51,10,28,1,1,0.5,13,0,0,0,1,1,1,0,2040,0,0,1,0,0,0,0,0,0,674.78,145.13,874.29,797.09,2491.29,1.22,4161600,0.162613,7.620705,0.25,100,9.636941,0.052028,0.053518
28000,11.91,28,44,4,1,0.5,14,1,0,0,1,1,0,0,2350,0,0,1,0,0,0,0,0,0,674.78,145.13,874.29,797.09,2491.29,1.06,5522500,0.088975,7.762171,0.25,784,10.23996,0.028467,0.029282
17000,7.56,10,28,1,1,8,13,0,0,1,1,1,0,0,2250,0,0,1,0,0,0,0,0,0,674.78,145.13,874.29,797.09,2491.29,1.11,5062500,0.146546,7.718686,64,100,9.740969,0.046888,0.04823
14000,7.95,23,44,0,1,25,12,0,0,1,1,1,1,0,1760,0,0,1,0,0,0,0,0,0,674.78,145.13,874.29,797.09,2491.29,1.42,3097600,0.177949,7.473069,625,529,9.546813,0.056935,0.058565
19032.3,11.13,17,34,1,1,8,10,0,0,0,1,1,1,0,1710,0,0,1,0,0,0,0,0,0,674.78,145.13,874.29,797.09,2491.29,1.46,2924100,0.130898,7.444249,64,289,9.853893,0.041881,0.04308
20100,6.7,16,32,2,1,4,12,0,0,0,1,1,0,0,3000,0,0,1,0,0,0,0,0,0,674.78,145.13,874.29,797.09,2491.29,0.83,9000000,0.123945,8.006368,16,256,9.908475,0.039656,0.040792
18547.2,8.4,24,40,3,1,15,12,0,0,1,1,1,1,0,2208,0,0,1,0,0,0,0,0,0,674.78,145.13,874.29,797.09,2491.29,1.13,4875264,0.134322,7.699842,225,576,9.828074,0.042976,0.044207
13132.5,5.15,8,24,1,1,2,12,0,1,0,1,1,0,0,2550,0,0,1,0,0,0,0,0,0,674.78,145.13,874.29,797.09,2491.29,0.98,6502500,0.189704,7.843849,4,64,9.482845,0.060696,0.062434
12240,6,42,62,0,1,25,10,0,1,0,1,1,1,0,2040,0,0,1,0,0,0,0,0,0,871.49,0,1404.89,978.43,3254.81,1.6,4161600,0.265916,7.620705,625,1764,9.412464,0.079937,0.0712
21413,7.6,27,43,4,1,2,12,0,0,0,1,1,1,0,2817.5,0,0,1,0,0,0,0,0,0,871.49,0,1404.89,978.43,3254.81,1.16,7938306,0.152002,7.943605,4,729,9.971753,0.045693,0.040699
16895.6,8.36,35,56,0,1,25,13,0,0,1,1,1,1,0,2021,0,0,1,0,0,0,0,0,0,871.49,0,1404.89,978.43,3254.81,1.61,4084441,0.192642,7.611348,625,1225,9.734809,0.05791,0.051581
12680.6,5.18,25,42,2,1,0.5,13,0,0,1,1,1,1,0,2448,0,0,1,0,0,0,0,0,0,871.49,0,1404.89,978.43,3254.81,1.33,5992704,0.256676,7.803027,0.25,625,9.447828,0.07716,0.068726
12240,5,18,34,1,0,4,10,0,0,1,1,1,0,0,2448,0,0,1,0,0,0,0,0,0,678.88,0,0,0,678.88,0.28,5992704,0.055464,7.803027,16,324,9.412464,0,0.055464
12500,6.25,16,32,2,1,8,13,0,0,1,1,1,0,0,2000,0,0,1,0,0,0,0,0,0,266.65,0,668.42,0,935.0699,0.47,4000000,0.074806,7.600903,64,256,9.433484,0,0.021332
14375,5,33,48,0,1,25,12,0,1,0,1,1,0,0,2875,0,0,1,0,0,0,0,0,0,447.78,0,103.1,0,550.88,0.19,8265625,0.038322,7.963808,625,1089,9.573246,0,0.03115
13500,6,10,26,1,1,8,13,0,1,0,1,1,0,0,2250,0,0,1,0,0,0,0,0,0,447.78,0,103.1,0,550.88,0.24,5062500,0.040806,7.718686,64,100,9.510445,0,0.033169
6875,3.44,31,47,2,1,2,12,0,0,1,1,1,0,1,2000,0,0,1,0,0,0,0,0,0,362.8,64,390,195.2,1012,0.51,4000000,0.1472,7.600903,4,961,8.835647,0.028393,0.06208
7350,4.29,15,52,2,1,2,12,1,0,0,0,1,0,1,1715,0,0,1,0,0,0,0,0,0,83,74,161,0,318,0.19,2941225,0.043265,7.447168,4,225,8.902455,0,0.021361
11500,5,9,25,2,1,4,10,0,0,1,1,1,0,1,2300,0,0,1,0,0,0,0,0,0,464.86,186.46,397.1,0,1048.42,0.46,5290000,0.091167,7.740664,16,81,9.350102,0,0.056636
13100,7.49,9,25,1,0,0.5,12,0,0,1,0,1,1,1,1750,0,0,1,0,0,0,0,0,0,905.65,219.82,998.97,1230.22,3354.66,1.92,3062500,0.256081,7.467371,0.25,81,9.480368,0.09391,0.085914
14169.6,7.38,10,32,2,1,4,13,1,0,0,1,1,1,1,1920,0,0,1,0,0,0,0,0,0,905.65,219.82,998.97,1230.22,3354.66,1.75,3686400,0.236751,7.560081,16,100,9.558854,0.086821,0.079428
17500,7.78,14,31,2,1,4,13,1,0,0,1,1,0,1,2250,0,0,1,0,0,0,0,0,0,905.65,219.82,998.97,1230.22,3354.66,1.49,5062500,0.191695,7.718686,16,196,9.769957,0.070298,0.064313
25000,10,20,44,3,1,8,16,0,0,0,1,1,0,1,2500,0,0,1,0,0,0,0,0,0,905.65,219.82,998.97,1230.22,3354.66,1.34,6250000,0.134186,7.824046,64,400,10.12663,0.049209,0.045019
24646.1,11.41,24,40,2,1,0.5,16,0,1,0,1,1,0,1,2160,0,0,1,0,0,0,0,0,0,905.65,219.82,998.97,1230.22,3354.66,1.55,4665600,0.136113,7.677864,0.25,576,10.11237,0.049915,0.045665
17000,8.17,12,32,0,0,0.5,16,0,1,0,1,1,0,1,2080,0,0,1,0,0,0,0,0,0,342.14,28.71,512.29,0,883.14,0.42,4326400,0.051949,7.640123,0.25,144,9.740969,0,0.021815
7119.99,3.56,5,25,2,1,4,12,1,0,0,1,0,1,0,2000,0,0,1,0,0,0,0,0,0,355.33,104.64,466.88,409.34,1336.19,0.67,4000000,0.187667,7.600903,16,25,8.870662,0.057492,0.064603
9206.39,5.48,9,28,0,1,4,13,0,1,0,1,1,1,0,1680,0,0,1,0,0,0,0,0,0,622.49,13.48,750.75,606.38,1993.1,1.19,2822400,0.216491,7.426549,16,81,9.127653,0.065865,0.069079
8495.99,4.72,35,52,0,1,25,10,0,1,0,0,1,1,0,1800,0,0,1,0,0,0,0,0,0,622.49,13.48,750.75,606.38,1993.1,1.11,3240000,0.234593,7.495542,625,1225,9.04735,0.071373,0.074855
8927.99,4.65,2,19,0,0,0.5,12,1,0,0,0,1,1,0,1920,0,0,1,0,0,0,0,0,0,622.49,13.48,750.75,606.38,1993.1,1.04,3686400,0.223242,7.560081,0.25,4,9.096947,0.067919,0.071233
11900,5.95,31,49,0,0,15,8,1,0,0,1,1,0,0,2000,0,0,1,0,0,0,0,0,0,622.49,13.48,750.75,606.38,1993.1,1,4000000,0.167487,7.600903,225,961,9.384294,0.050956,0.053443
8524.8,4.44,12,45,1,1,8,12,0,1,0,0,1,1,0,1920,0,0,1,0,0,0,0,0,0,622.49,13.48,750.75,606.38,1993.1,1.04,3686400,0.2338,7.560081,64,144,9.050735,0.071131,0.074602
24469.1,6.92,9,25,1,1,0.5,12,0,1,0,1,1,1,0,3536,0,0,1,0,0,0,0,0,0,898.55,203.74,1332.61,1235.02,3669.92,1.04,12500000,0.149982,8.170752,0.25,81,10.10517,0.050473,0.045048
23218,13,31,47,1,1,25,6,0,0,1,1,0,1,0,1786,0,0,1,0,0,0,0,0,0,898.55,203.74,1332.61,1235.02,3669.92,2.05,3189796,0.158064,7.487734,625,961,10.05268,0.053192,0.047476
12768,7.6,40,58,0,1,25,12,1,0,0,1,1,0,0,1680,0,0,1,0,0,0,0,0,0,898.55,203.74,1332.61,1235.02,3669.92,2.18,2822400,0.287431,7.426549,625,1600,9.454698,0.096728,0.086332
15507.7,8.08,39,57,1,1,15,12,0,1,0,1,1,1,0,1920,0,0,1,0,0,0,0,0,0,898.55,203.74,1332.61,1235.02,3669.92,1.91,3686400,0.236651,7.560081,225,1521,9.649092,0.079639,0.07108
18589.8,7.9,12,28,1,1,2,16,0,1,0,1,1,0,0,2352,0,0,1,0,0,0,0,0,0,898.55,203.74,1332.61,1235.02,3669.92,1.56,5531904,0.197416,7.763021,4,144,9.830368,0.066435,0.059295
21484.6,9.74,13,29,2,1,8,12,1,0,0,1,1,0,0,2205,0,0,1,0,0,0,0,0,0,898.55,203.74,1332.61,1235.02,3669.92,1.66,4862025,0.170816,7.698483,64,169,9.975092,0.057484,0.051306
17600,6.4,13,33,2,1,4,12,1,0,0,1,1,1,0,2750,0,0,1,0,0,0,0,0,0,898.55,203.74,1332.61,1235.02,3669.92,1.33,7562500,0.208518,7.919356,16,169,9.775654,0.070172,0.06263
17325,6.3,8,26,0,1,4,12,0,1,0,1,1,1,0,2750,0,0,1,0,0,0,0,0,0,898.55,203.74,1332.61,1235.02,3669.92,1.33,7562500,0.211828,7.919356,16,64,9.759906,0.071285,0.063624
16800,8.75,15,37,4,1,2,12,0,0,1,1,1,1,0,1920,0,0,1,0,0,0,0,0,0,898.55,203.74,1332.61,1235.02,3669.92,1.91,3686400,0.218448,7.560081,4,225,9.729135,0.073513,0.065613
18500,7.87,7,24,1,1,4,12,0,1,0,1,1,1,0,2350,0,0,1,0,0,0,0,0,0,898.55,203.74,1332.61,1235.02,3669.92,1.56,5522500,0.198374,7.762171,16,49,9.825526,0.066758,0.059583
25000,11.82,25,42,1,1,25,10,0,1,0,1,1,1,0,2115,0,0,1,0,0,0,0,0,0,898.55,203.74,1332.61,1235.02,3669.92,1.74,4473225,0.146797,7.65681,625,625,10.12663,0.049401,0.044092
15085.9,5.93,26,43,6,1,15,12,1,0,0,1,1,0,0,2544,0,0,1,0,0,0,0,0,0,898.55,203.74,1332.61,1235.02,3669.92,1.44,6471936,0.243268,7.841493,225,676,9.621516,0.081866,0.073068
26376,9.42,14,30,1,1,0.5,18,0,1,0,1,1,1,0,2800,0,0,1,0,0,0,0,0,0,898.55,203.74,1332.61,1235.02,3669.92,1.31,7840000,0.139139,7.937375,0.25,196,10.18021,0.046824,0.041791
15633.4,7.09,9,25,1,1,8,12,0,0,1,1,1,1,0,2205,0,0,1,0,0,0,0,0,0,898.55,203.74,1332.61,1235.02,3669.92,1.66,4862025,0.234749,7.698483,64,81,9.657165,0.078999,0.070509
15435,6.86,3,23,0,0,0.5,16,0,1,0,1,1,1,0,2250,0,0,1,0,0,0,0,0,0,1243.95,0,1668.54,1637.75,4550.24,2.02,5062500,0.2948,7.718686,0.25,9,9.644393,0.106106,0.080593
12900,6.45,36,49,2,1,8,10,0,1,0,1,0,1,0,2000,0,0,1,0,0,0,0,0,0,1243.95,0,1668.54,1637.75,4550.24,2.28,4000000,0.352732,7.600903,64,1296,9.464983,0.126957,0.09643
14231.6,7.57,10,28,1,1,8,13,0,1,0,1,1,1,0,1880,0,0,1,0,0,0,0,0,0,1243.95,0,1668.54,1637.75,4550.24,2.42,3534400,0.319728,7.539027,64,100,9.56322,0.115078,0.087408
17347.5,7.71,17,34,3,1,4,12,0,1,0,1,1,1,0,2250,0,0,1,0,0,0,0,0,0,1243.95,0,1668.54,1637.75,4550.24,2.02,5062500,0.2623,7.718686,16,289,9.761204,0.094408,0.071708
15600,6.5,5,23,0,0,2,12,0,1,0,1,1,1,0,2400,0,0,1,0,0,0,0,0,0,1243.95,0,1668.54,1637.75,4550.24,1.9,5760000,0.291682,7.783224,4,25,9.655026,0.104984,0.07974
17704.6,6.55,27,50,0,1,15,10,0,1,0,1,1,1,0,2703,0,0,1,0,0,0,0,0,0,1243.95,0,1668.54,1637.75,4550.24,1.68,7306209,0.257009,7.902118,225,729,9.78158,0.092504,0.070261
18142,7.72,26,43,0,1,25,10,0,1,0,1,1,1,0,2350,0,0,1,0,0,0,0,0,0,1243.95,0,1668.54,1637.75,4550.24,1.94,5522500,0.250812,7.762171,625,676,9.805984,0.090274,0.068567
17280,7.5,11,26,0,1,0.5,12,0,1,0,1,1,1,0,2304,0,0,1,0,0,0,0,0,0,1243.95,0,1668.54,1637.75,4550.24,1.97,5308416,0.263324,7.742402,0.25,121,9.757305,0.094777,0.071988
12811.5,7.02,35,53,5,1,25,10,0,1,0,1,0,1,0,1825,0,0,1,0,0,0,0,0,0,1243.95,0,1668.54,1637.75,4550.24,2.49,3330625,0.355168,7.509335,625,1225,9.458098,0.127834,0.097096
21489,7.41,14,32,2,1,15,12,0,1,0,1,1,1,0,2900,0,0,1,0,0,0,0,0,0,1243.95,0,1668.54,1637.75,4550.24,1.57,8410000,0.211747,7.972466,225,196,9.975296,0.076213,0.057888
18326.9,8.58,9,27,2,1,8,12,0,1,0,1,1,1,0,2136,0,0,1,0,0,0,0,0,0,1243.95,0,1668.54,1637.75,4550.24,2.13,4562496,0.248282,7.66669,64,81,9.816125,0.089363,0.067876
17680,8.84,18,34,0,1,8,12,0,0,1,1,1,1,0,2000,0,0,1,0,0,0,0,0,0,1243.95,0,1668.54,1637.75,4550.24,2.28,4000000,0.257366,7.600903,64,324,9.78019,0.092633,0.070359
14994,7.65,10,28,0,1,8,12,0,1,0,1,1,1,0,1960,0,0,1,0,0,0,0,0,0,1243.95,0,1668.54,1637.75,4550.24,2.32,3841600,0.303471,7.5807,64,100,9.615405,0.109227,0.082963
11076.9,5.77,5,21,0,0,0.5,12,0,1,0,1,1,0,1,1920,0,0,1,0,0,0,0,0,0,598.24,201.97,656.28,674.05,2130.54,1.11,3686400,0.192341,7.560081,0.25,25,9.312617,0.060852,0.072241
9486.39,4.84,9,37,2,0,4,13,0,1,0,0,1,0,1,1960,0,0,1,0,0,0,0,0,0,598.24,201.97,656.28,674.05,2130.54,1.09,3841600,0.224589,7.5807,16,81,9.157614,0.071054,0.084353
17000,8.67,18,34,1,1,2,16,0,0,1,1,1,0,1,1960,0,0,1,0,0,0,0,0,0,1164.47,297.79,1264.21,1716.19,4442.66,2.27,3841600,0.261333,7.5807,4,324,9.740969,0.100952,0.086015
20000,9.9,31,56,0,1,25,10,0,1,0,1,1,1,1,2021,0,0,1,0,0,0,0,0,0,1164.47,297.79,1264.21,1716.19,4442.66,2.2,4084441,0.222133,7.611348,625,961,9.903487,0.085809,0.073113
17500,10.42,16,38,1,1,15,18,1,0,0,0,1,0,1,1680,0,0,1,0,0,0,0,0,0,1164.47,297.79,1264.21,1716.19,4442.66,2.64,2822400,0.253866,7.426549,225,256,9.769957,0.098068,0.083558
20000,6.3,31,47,2,1,25,12,1,0,0,1,1,0,1,3172.5,0,0,1,0,0,0,0,0,0,1164.47,297.79,1264.21,1716.19,4442.66,1.4,10100000,0.222133,8.062275,625,961,9.903487,0.085809,0.073113
15000,7.25,17,33,1,1,15,13,1,0,0,1,1,0,1,2068,0,0,1,0,0,0,0,0,0,1164.47,297.79,1264.21,1716.19,4442.66,2.15,4276624,0.296177,7.634337,225,289,9.615806,0.114413,0.097484
17000,7.08,28,48,2,1,15,13,0,0,0,1,1,0,1,2400,0,0,1,0,0,0,0,0,0,1164.47,297.79,1264.21,1716.19,4442.66,1.85,5760000,0.261333,7.783224,225,784,9.740969,0.100952,0.086015
19722.5,10.21,27,43,2,1,15,13,0,1,0,1,1,0,1,1932,0,0,1,0,0,0,0,0,0,1164.47,297.79,1264.21,1716.19,4442.66,2.3,3732624,0.225258,7.566311,225,729,9.889515,0.087017,0.074142
17150,8.75,35,51,2,1,15,12,0,1,0,1,1,0,1,1960,0,0,1,0,0,0,0,0,0,1164.47,297.79,1264.21,1716.19,4442.66,2.27,3841600,0.259047,7.5807,225,1225,9.749753,0.100069,0.085263
20000,9.07,30,45,2,1,0.5,16,1,0,0,1,1,0,1,2205,0,0,1,0,0,0,0,0,0,1164.47,297.79,1264.21,1716.19,4442.66,2.01,4862025,0.222133,7.698483,0.25,900,9.903487,0.085809,0.073113
15800,6.72,17,34,3,1,8,16,1,0,0,1,1,0,1,2352,0,0,1,0,0,0,0,0,0,1164.47,297.79,1264.21,1716.19,4442.66,1.89,5531904,0.281181,7.763021,64,289,9.667766,0.10862,0.092548
28500,12.12,27,45,2,1,15,16,0,1,0,1,1,0,1,2352,0,0,1,0,0,0,0,0,0,1164.47,297.79,1264.21,1716.19,4442.66,1.89,5531904,0.155883,7.763021,225,729,10.25766,0.060217,0.051307
19000,8.17,21,37,2,1,0.5,14,0,1,0,1,1,0,1,2325,0,0,1,0,0,0,0,0,0,1042.92,29.6,1129.02,1733.76,3935.3,1.69,5405625,0.207121,7.751475,0.25,441,9.852194,0.09125,0.056448
5062.49,2.7,37,56,0,0,8,6,0,0,1,1,1,1,0,1875,0,0,0,1,0,0,0,0,0,227.46,88.22,267.86,0,583.54,0.31,3515625,0.115267,7.536364,64,1369,8.529613,0,0.062357
5252.8,2.68,20,54,0,0,8,13,0,0,1,0,1,0,0,1960,0,0,0,1,0,0,0,0,0,228.5,0,325.85,253.87,808.22,0.41,3841600,0.153865,7.5807,64,400,8.566517,0.04833,0.043501
4800,2.5,11,30,1,1,8,10,1,0,0,0,1,0,0,1920,0,0,0,1,0,0,0,0,0,236.04,0,83.06,0,319.1,0.17,3686400,0.066479,7.560081,64,121,8.476371,0,0.049175
7140,3.5,8,30,1,1,0.5,14,0,0,0,0,1,0,0,2040,0,0,0,1,0,0,0,0,0,178.55,1.69,176.21,0,356.45,0.17,4161600,0.049923,7.620705,0.25,64,8.873468,0,0.025244
11310,5.8,10,29,0,1,8,13,0,0,1,1,1,1,0,1950,0,0,0,1,0,0,0,0,0,471.53,122.22,511.63,427.09,1532.47,0.79,3802500,0.135497,7.575585,64,100,9.333443,0.037762,0.052498
10302.4,5.48,24,44,0,0,15,10,1,0,0,1,1,0,0,1880,0,0,0,1,0,0,0,0,0,471.53,122.22,511.63,427.09,1532.47,0.82,3534400,0.148749,7.539027,225,576,9.240132,0.041455,0.057632
10680.7,5.05,10,29,1,0,8,12,0,0,1,1,1,0,0,2115,0,0,0,1,0,0,0,0,0,471.53,122.22,511.63,427.09,1532.47,0.72,4473225,0.14348,7.65681,64,100,9.276194,0.039987,0.055591
9015.99,4.6,36,52,0,1,15,6,1,0,0,1,1,1,0,1960,0,0,0,1,0,0,0,0,0,354.39,94.42,253.13,0,701.94,0.36,3841600,0.077855,7.5807,225,1296,9.106755,0,0.049779
9200,5,42,59,0,1,25,6,0,1,0,0,1,1,0,1840,0,0,0,1,0,0,0,0,0,477.41,0.04,641.75,420.57,1539.77,0.84,3385600,0.167366,7.517521,625,1764,9.126959,0.045714,0.051897
11193.5,4.58,41,56,0,1,25,12,1,0,0,1,1,1,0,2444,0,0,0,1,0,0,0,0,0,477.41,0.04,641.75,420.57,1539.77,0.63,5973136,0.137559,7.801391,625,1681,9.323089,0.037573,0.042654
11280,3.92,42,61,0,1,25,13,1,0,0,1,1,1,0,2880,0,0,0,1,0,0,0,0,0,477.41,0.04,641.75,420.57,1539.77,0.53,8294400,0.136504,7.965546,625,1764,9.330787,0.037285,0.042327
10416,4.96,6,30,2,1,4,16,1,0,0,1,1,0,0,2100,0,0,0,1,0,0,0,0,0,305.76,0,516.76,0,822.52,0.39,4410000,0.078967,7.649693,16,36,9.251099,0,0.029355
13407.7,7.71,26,41,0,0,15,12,0,1,0,1,1,1,0,1739,0,0,0,1,0,0,0,0,0,857.53,203.9,853.38,1055.12,2969.93,1.71,3024121,0.221509,7.461065,225,676,9.503585,0.078695,0.079166
14964,6.96,19,35,1,1,2,12,0,0,0,1,1,1,0,2150,0,0,0,1,0,0,0,0,0,857.53,203.9,853.38,1055.12,2969.93,1.38,4622500,0.198472,7.673223,4,361,9.613402,0.070511,0.070932
13200,5.5,8,24,1,1,0.5,12,0,0,1,1,1,1,0,2400,0,0,0,1,0,0,0,0,0,857.53,203.9,853.38,1055.12,2969.93,1.24,5760000,0.224995,7.783224,0.25,64,9.487972,0.079933,0.080411
16627.2,8.66,24,40,2,1,15,12,0,0,1,1,1,0,0,1920,0,0,0,1,0,0,0,0,0,857.53,203.9,853.38,1055.12,2969.93,1.55,3686400,0.178619,7.560081,225,576,9.718795,0.063458,0.063837
17717.8,7.69,37,53,0,1,15,12,0,0,0,1,1,1,0,2304,0,0,0,1,0,0,0,0,0,857.53,203.9,853.38,1055.12,2969.93,1.29,5308416,0.167624,7.742402,225,1369,9.782325,0.059551,0.059908
23587.5,9.25,22,39,5,1,0.5,12,0,0,0,1,1,1,0,2550,0,0,0,1,0,0,0,0,0,857.53,203.9,853.38,1055.12,2969.93,1.16,6502500,0.125911,7.843849,0.25,484,10.06847,0.044732,0.045
18239.8,8.46,18,33,1,0,4,10,0,0,0,1,0,1,0,2156,0,0,0,1,0,0,0,0,0,857.53,203.9,853.38,1055.12,2969.93,1.38,4648336,0.162827,7.67601,16,324,9.811361,0.057847,0.058193
12000,4.9,42,58,0,1,2,12,0,0,0,1,1,0,1,2450,0,0,0,1,0,0,0,0,0,552.86,137.81,549.39,604.35,1844.41,0.75,6002500,0.153701,7.803843,4,1764,9.392662,0.050362,0.057556
20000,9.07,26,43,0,0,15,13,0,0,0,1,1,1,1,2205,0,0,0,1,0,0,0,0,0,855.69,203.53,822.5,1167.64,3049.36,1.38,4862025,0.152468,7.698483,225,676,9.903487,0.058382,0.052961
22000,9.17,48,54,1,1,15,13,1,0,0,1,1,0,1,2400,0,0,0,1,0,0,0,0,0,855.69,203.53,822.5,1167.64,3049.36,1.27,5760000,0.138607,7.783224,225,2304,9.998797,0.053074,0.048146
8000,4.36,2,42,1,0,0.5,12,0,1,0,0,1,1,0,1836,0,0,0,1,0,0,0,0,0,342.77,58.82,354.3,287.17,1043.06,0.57,3370896,0.130383,7.515345,0.25,4,8.987197,0.035896,0.050199
5000,2.5,9,29,3,1,8,10,0,0,1,0,1,0,0,2000,0,0,0,1,0,0,0,0,0,380.33,0,402.04,211.59,993.96,0.5,4000000,0.198792,7.600903,64,81,8.517193,0.042318,0.076066
7441.87,4.05,15,36,0,1,8,10,0,1,0,0,1,1,0,1837.5,0,0,0,1,0,0,0,0,0,380.33,0,402.04,211.59,993.96,0.54,3376406,0.133563,7.516161,64,225,8.914878,0.028432,0.051107
7000,3.5,8,33,3,1,8,12,0,0,1,0,1,0,0,2000,0,0,0,1,0,0,0,0,0,380.33,0,402.04,211.59,993.96,0.5,4000000,0.141994,7.600903,64,64,8.853665,0.030227,0.054333
8289.2,4.24,11,27,1,0,2,12,0,0,1,1,1,1,0,1955,0,0,0,1,0,0,0,0,0,634.56,5.56,801.78,619.17,2061.07,1.05,3822025,0.248645,7.578146,4,121,9.022709,0.074696,0.077223
10200,5,13,29,1,1,2,12,0,1,0,0,1,1,0,2040,0,0,0,1,0,0,0,0,0,634.56,5.56,801.78,619.17,2061.07,1.01,4161600,0.202066,7.620705,4,169,9.230143,0.060703,0.062757
16000,8.89,30,47,4,1,25,12,0,1,0,1,1,1,0,1800,0,0,0,1,0,0,0,0,0,1023.75,227.03,1054.58,1260.8,3566.16,1.98,3240000,0.222885,7.495542,625,900,9.680344,0.0788,0.078174
15000,8,18,36,7,1,15,10,0,1,0,1,0,1,0,1875,0,0,0,1,0,0,0,0,0,1023.75,227.03,1054.58,1260.8,3566.16,1.9,3515625,0.237744,7.536364,225,324,9.615806,0.084053,0.083385
20000,11.11,27,43,1,0,25,12,0,1,0,1,0,1,0,1800,0,0,0,1,0,0,0,0,0,1023.75,227.03,1054.58,1260.8,3566.16,1.98,3240000,0.178308,7.495542,625,729,9.903487,0.06304,0.062539
15312.5,6.25,39,55,3,1,15,6,0,1,0,1,1,1,0,2450,0,0,0,1,0,0,0,0,0,1023.75,227.03,1054.58,1260.8,3566.16,1.46,6002500,0.232892,7.803843,225,1521,9.636425,0.082338,0.081684
13893.2,7.39,42,60,0,1,25,12,0,0,1,1,1,1,0,1880,0,0,0,1,0,0,0,0,0,1023.75,227.03,1054.58,1260.8,3566.16,1.9,3534400,0.256684,7.539027,625,1764,9.539155,0.090749,0.090028
12880,7,27,53,0,1,25,12,0,1,0,0,1,1,0,1840,0,0,0,1,0,0,0,0,0,947.65,7.48,1323.8,1057.17,3336.1,1.81,3385600,0.259014,7.517521,625,729,9.463431,0.082078,0.074156
14288.4,7.29,15,31,2,1,8,12,0,0,1,1,1,1,0,1960,0,0,0,1,0,0,0,0,0,947.65,7.48,1323.8,1057.17,3336.1,1.7,3841600,0.233483,7.5807,64,225,9.567204,0.073988,0.066847
17140,8.58,20,36,2,1,15,12,0,1,0,1,1,0,1,1997.5,0,0,0,1,0,0,0,0,0,1075.51,252.53,906.55,1426.42,3661.01,1.83,3990006,0.213594,7.599652,225,400,9.74917,0.083222,0.077482
18250.6,10.64,14,32,2,1,8,16,0,0,0,1,1,0,1,1715,0,0,0,1,0,0,0,0,0,1075.51,252.53,906.55,1426.42,3661.01,2.13,2941225,0.200597,7.447168,64,196,9.811954,0.078157,0.072767
27692.3,12.82,36,52,1,1,15,18,0,0,1,1,1,0,1,2160,0,0,0,1,0,0,0,0,0,1075.51,252.53,906.55,1426.42,3661.01,1.69,4665600,0.132203,7.677864,225,1296,10.22891,0.05151,0.047957
16000,8.51,28,44,2,1,25,14,0,0,1,1,1,0,1,1880,0,0,0,1,0,0,0,0,0,1075.51,252.53,906.55,1426.42,3661.01,1.95,3534400,0.228813,7.539027,625,784,9.680344,0.089151,0.083003
18900,8.48,12,28,3,1,2,16,0,1,0,1,1,0,1,2229.5,0,0,0,1,0,0,0,0,0,1075.51,252.53,906.55,1426.42,3661.01,1.64,4970670,0.193704,7.709533,4,144,9.846917,0.075472,0.070267
20000,10.42,17,39,0,0,15,16,0,1,0,1,1,0,1,1920,0,0,0,1,0,0,0,0,0,1075.51,252.53,906.55,1426.42,3661.01,1.91,3686400,0.183051,7.560081,225,289,9.903487,0.071321,0.066402
9019.99,4.1,8,26,0,1,4,13,0,1,0,1,1,0,0,2200,0,0,0,0,1,0,0,0,0,298.74,118.3,654.8,0,1071.84,0.49,4840000,0.118829,7.696213,16,64,9.107199,0,0.046235
10901.2,4.75,12,28,1,1,0.5,13,0,0,1,1,1,0,0,2295,0,0,0,0,1,0,0,0,0,172.91,141.36,148.64,0,462.91,0.2,5267025,0.042464,7.738488,0.25,144,9.296628,0,0.028829
11566.8,5.67,9,28,0,0,0.5,13,0,1,0,1,1,1,0,2040,0,0,0,0,1,0,0,0,0,653.16,0,607.79,437.3,1698.25,0.83,4161600,0.146821,7.620705,0.25,81,9.355894,0.037806,0.056468
16699.2,8.52,20,39,2,1,15,13,0,0,1,1,1,1,0,1960,0,0,0,0,1,0,0,0,0,946.48,316.73,818.39,1555.59,3637.19,1.86,3841600,0.217806,7.5807,225,400,9.723116,0.093154,0.075645
19200,8,9,25,2,1,8,12,0,1,0,1,1,1,0,2400,0,0,0,0,1,0,0,0,0,946.48,316.73,818.39,1555.59,3637.19,1.52,5760000,0.189437,7.783224,64,81,9.862665,0.08102,0.065792
21250,8.5,20,35,3,1,4,10,0,0,1,1,1,1,0,2500,0,0,0,0,1,0,0,0,0,946.48,316.73,818.39,1555.59,3637.19,1.45,6250000,0.171162,7.824046,16,400,9.964112,0.073204,0.059445
18865,7.7,14,30,0,0,4,13,0,0,0,1,1,0,0,2450,0,0,0,0,1,0,0,0,0,946.48,316.73,818.39,1555.59,3637.19,1.48,6002500,0.192801,7.803843,16,196,9.845063,0.082459,0.066961
14373.8,5.42,6,23,2,1,0.5,12,0,0,0,1,1,1,0,2652,0,0,0,0,1,0,0,0,0,946.48,316.73,818.39,1555.59,3637.19,1.37,7033104,0.253043,7.88307,0.25,36,9.573162,0.108224,0.087883
13795.4,7.04,20,36,3,1,15,12,0,0,1,1,1,1,0,1960,0,0,0,0,1,0,0,0,0,946.48,316.73,818.39,1555.59,3637.19,1.86,3841600,0.263652,7.5807,225,400,9.53209,0.112762,0.091567
14000,7,17,27,4,0,4,12,0,0,1,1,1,0,0,2000,0,0,0,0,1,0,0,0,0,731.34,0,1262.88,1503.07,3497.29,1.75,4000000,0.249806,7.600903,16,289,9.546813,0.107362,0.052239
20896.2,8.55,38,54,3,1,25,8,0,1,0,1,1,1,0,2444,0,0,0,0,1,0,0,0,0,731.34,0,1262.88,1503.07,3497.29,1.43,5973136,0.167365,7.801391,625,1444,9.947323,0.07193,0.034999
21374.1,7.62,11,28,2,1,2,12,0,0,1,1,1,0,0,2805,0,0,0,0,1,0,0,0,0,450.86,0,423.11,0,873.97,0.31,7868025,0.040889,7.939159,4,121,9.969935,0,0.021094
10076.8,5.36,26,51,0,1,25,12,0,0,0,0,1,1,1,1880,0,0,0,0,1,0,0,0,0,518.53,226.65,523.07,686.01,1954.26,1.04,3534400,0.193937,7.539027,625,676,9.217991,0.068078,0.07395
10914.7,4.95,37,57,0,1,15,13,0,0,1,1,1,0,1,2205,0,0,0,0,1,0,0,0,0,460.22,175.56,667.29,0,1303.07,0.59,4862025,0.119387,7.698483,225,1369,9.297866,0,0.05825
19384.6,7.77,19,35,2,1,8,13,0,1,0,1,1,0,1,2496,0,0,0,0,1,0,0,0,0,1046.17,302.78,844.68,1416.82,3610.45,1.45,6230016,0.186253,7.822445,64,361,9.872234,0.07309,0.069589
15000,4.62,9,25,0,0,8,18,1,0,0,1,1,0,1,3250,0,0,0,0,1,0,0,0,0,1046.17,302.78,844.68,1416.82,3610.45,1.11,10600000,0.240697,8.086411,64,81,9.615806,0.094455,0.08993
27000,12.5,28,46,2,1,25,12,0,0,1,1,1,0,1,2160,0,0,0,0,1,0,0,0,0,1046.17,302.78,844.68,1416.82,3610.45,1.67,4665600,0.13372,7.677864,625,784,10.20359,0.052475,0.049961
18092.3,9.23,28,47,0,0,8,16,1,0,0,1,1,0,1,1960,0,0,0,0,1,0,0,0,0,1046.17,302.78,844.68,1416.82,3610.45,1.84,3841600,0.199557,7.5807,64,784,9.803242,0.078311,0.074559
17113.8,7.92,18,34,3,1,15,13,0,1,0,0,1,0,1,2160,0,0,0,0,1,0,0,0,0,1046.17,302.78,844.68,1416.82,3610.45,1.67,4665600,0.210967,7.677864,225,324,9.747641,0.082788,0.078822
16356,8.7,40,56,1,1,25,12,1,0,0,1,1,1,1,1880,0,0,0,0,1,0,0,0,0,1046.17,302.78,844.68,1416.82,3610.45,1.92,3534400,0.220742,7.539027,625,1600,9.70235,0.086624,0.082474
16000,8.16,26,41,3,1,15,12,0,1,0,1,1,0,1,1960,0,0,0,0,1,0,0,0,0,614.7,274.22,539.97,0,1428.89,0.73,3841600,0.089306,7.5807,225,676,9.680344,0,0.055558
18125,7.25,10,34,1,1,4,14,0,0,1,1,1,0,1,2500,0,0,0,0,1,0,0,0,0,614.7,274.22,539.97,0,1428.89,0.57,6250000,0.078835,7.824046,16,100,9.805047,0,0.049044
15077.5,9.74,28,45,3,1,25,8,0,1,0,1,1,1,1,1548,0,0,0,0,1,0,0,0,0,754.99,0,723.53,1279.59,2758.11,1.78,2396304,0.182929,7.344719,625,784,9.620959,0.084867,0.050074
15680,8,11,34,3,1,15,12,0,1,0,1,1,1,0,1960,0,0,0,0,1,0,0,0,0,1015.57,463.89,915.32,1416.35,3811.13,1.94,3841600,0.243057,7.5807,225,121,9.660141,0.090328,0.094353
15052.8,7.68,12,31,1,1,15,13,0,0,0,1,1,1,0,1960,0,0,0,0,1,0,0,0,0,1015.57,463.89,915.32,1416.35,3811.13,1.94,3841600,0.253184,7.5807,225,144,9.619319,0.094092,0.098285
15328.7,7.63,12,28,0,0,8,13,0,0,1,1,1,1,0,2009,0,0,0,0,1,0,0,0,0,0,0,2248.86,2880.27,5129.13,2.55,4036081,0.33461,7.605392,64,144,9.637483,0.1879,0
20500,10.13,12,28,2,1,4,13,0,0,1,1,1,0,1,2024,0,0,0,0,1,0,0,0,0,1295.15,436.45,1002.57,2045.84,4780.01,2.36,4096576,0.233171,7.612831,16,144,9.92818,0.099797,0.084468
22800,13.22,44,63,0,1,25,12,1,0,0,1,1,1,1,1725,0,0,0,0,1,0,0,0,0,1295.15,436.45,1002.57,2045.84,4780.01,2.77,2975625,0.209649,7.452982,625,1936,10.03452,0.08973,0.075947
19000,9.69,13,29,3,1,8,13,0,0,1,1,1,0,1,1960,0,0,0,0,1,0,0,0,0,1295.15,436.45,1002.57,2045.84,4780.01,2.44,3841600,0.25158,7.5807,64,169,9.852194,0.107676,0.091137
27000,11.25,27,48,5,1,25,16,1,0,0,1,1,0,1,2400,0,0,0,0,1,0,0,0,0,1295.15,436.45,1002.57,2045.84,4780.01,1.99,5760000,0.177037,7.783224,625,729,10.20359,0.075772,0.064133
17176.4,9.47,16,35,1,0,8,12,0,0,1,1,1,0,1,1813,0,0,0,0,1,0,0,0,0,1295.15,436.45,1002.57,2045.84,4780.01,2.64,3286969,0.278289,7.502738,64,256,9.751291,0.119108,0.100813
15000,8.16,10,28,1,0,8,12,0,0,1,0,1,0,1,1837.5,0,0,0,0,1,0,0,0,0,1295.15,436.45,1002.57,2045.84,4780.01,2.6,3376406,0.318667,7.516161,64,100,9.615806,0.136389,0.11544
3900,3,3,23,1,0,0.5,13,0,0,0,0,1,0,0,1300,0,0,0,0,0,1,0,0,0,0,0,0,0,0,0,1690000,0,7.17012,0.25,9,8.268732,0,0
1794,2.3,7,29,4,1,0.5,12,0,1,0,0,1,0,0,780,0,0,0,0,0,1,0,0,0,0,0,0,0,0,0,608400,0,6.659294,0.25,49,7.492203,0,0
3250,2.5,2,18,0,0,0.5,12,0,0,0,0,1,0,0,1300,0,0,0,0,0,1,0,0,0,0,0,0,0,0,0,1690000,0,7.17012,0.25,4,8.086411,0,0
2870.4,2.3,12,70,0,0,8,8,0,1,0,0,1,0,0,1248,0,0,0,0,0,1,0,0,0,0,0,0,0,0,0,1557504,0,7.129298,64,144,7.962207,0,0
7200,6,42,58,0,1,25,12,1,0,0,1,1,1,0,1200,0,0,0,0,0,1,0,0,0,160.23,49.08,199.22,126.88,535.41,0.45,1440000,0.074362,7.090077,625,1764,8.881836,0.017622,0.029071
4400,2.75,1,17,0,0,4,10,1,0,0,1,1,0,0,1600,0,0,0,0,0,1,0,0,0,0,0,32.33,0,32.33,0.02,2560000,0.007348,7.377759,16,1,8.389359,0,0
4680,3,2,17,0,0,2,10,1,0,0,1,1,0,0,1560,0,0,0,0,0,1,0,0,0,0,0,32.33,0,32.33,0.02,2433600,0.006908,7.352441,4,4,8.451054,0,0
2677.5,2.5,57,80,0,1,8,13,0,1,0,1,1,0,1,1071,0,0,0,0,0,1,0,0,0,114,0,0,0,114,0.11,1147041,0.042577,6.976348,64,3249,7.892639,0,0.042577
2870.4,2.4,5,38,2,1,0.5,12,1,0,0,0,1,0,1,1196,0,0,0,0,0,1,0,0,0,0,0,0,0,0,0,1430416,0,7.086738,0.25,25,7.962207,0,0
26000,16.93,23,39,1,1,15,16,0,0,0,1,1,0,1,1536,0,0,0,0,0,1,0,0,0,318.78,168.39,407.17,1153.78,2048.12,1.33,2359296,0.078774,7.336937,225,529,10.16585,0.044376,0.018737
5199.99,2.6,15,56,0,0,8,6,0,0,1,0,1,0,0,2000,0,0,0,0,0,1,0,0,0,180.94,51.84,215.74,0,448.52,0.22,4000000,0.086254,7.600903,64,225,8.556412,0,0.044765
5952,2.25,29,47,0,1,25,12,0,0,1,1,1,1,0,2640,0,0,0,0,0,1,0,0,0,195.96,0,324.67,372.97,893.6,0.34,6969600,0.150134,7.878534,625,841,8.691483,0.062663,0.032923
5163.75,2.5,23,46,4,0,15,6,0,0,1,0,1,0,0,2065.5,0,0,0,0,0,1,0,0,0,154.52,0,16.28,0,170.8,0.08,4266290,0.033077,7.633128,225,529,8.549418,0,0.029924
5982.3,2.55,1,18,0,0,2,12,0,1,0,1,0,0,0,2346,0,0,0,0,0,1,0,0,0,154.52,0,16.28,0,170.8,0.07,5503716,0.028551,7.760467,4,1,8.69656,0,0.025829
6250,3.13,42,64,0,0,15,12,0,0,1,0,0,0,0,2000,0,0,0,0,0,1,0,0,0,154.52,0,16.28,0,170.8,0.09,4000000,0.027328,7.600903,225,1764,8.740336,0,0.024723
7799.99,3.9,8,24,0,1,4,13,0,0,1,1,1,1,0,2000,0,0,0,0,0,1,0,0,0,138.81,0.36,232.37,0,371.54,0.19,4000000,0.047633,7.600903,16,64,8.961878,0,0.017842
9660,6,33,51,1,1,4,12,0,1,0,1,1,0,0,1610,0,0,0,0,0,1,0,0,0,348.11,122.81,514.22,421.82,1406.96,0.87,2592100,0.145648,7.383989,16,1089,9.175749,0.043667,0.04875
10250.8,5.23,12,28,0,0,15,16,0,0,0,1,1,1,0,1960,0,0,0,0,0,1,0,0,0,348.11,122.81,514.22,421.82,1406.96,0.72,3841600,0.137254,7.5807,225,144,9.235111,0.04115,0.04594
11538.5,4.62,7,25,2,1,4,12,0,0,0,1,1,0,0,2500,0,0,0,0,0,1,0,0,0,348.11,122.81,514.22,421.82,1406.96,0.56,6250000,0.121936,7.824046,16,49,9.353444,0.036558,0.040813
10200,4.76,12,30,2,1,2,16,0,0,1,1,1,0,0,2142,0,0,0,0,0,1,0,0,0,304.53,125.18,466.49,0,896.2,0.42,4588164,0.087863,7.669495,4,144,9.230143,0,0.042128
10500,3.5,22,32,1,1,4,16,0,0,1,1,0,0,0,3000,0,0,0,0,0,1,0,0,0,304.53,125.18,466.49,0,896.2,0.3,9000000,0.085352,8.006368,16,484,9.25913,0,0.040925
8500,4.25,7,25,0,0,2,12,0,1,0,1,1,0,0,2000,0,0,0,0,0,1,0,0,0,219.18,99.64,273.86,0,592.68,0.3,4000000,0.069727,7.600903,4,49,9.047821,0,0.037508
10000,4.44,38,54,4,1,4,12,0,1,0,1,1,0,0,2250,0,0,0,0,0,1,0,0,0,219.18,99.64,273.86,0,592.68,0.26,5062500,0.059268,7.718686,16,1444,9.21034,0,0.031882
10800,3.6,15,31,2,1,8,10,0,1,0,0,0,1,0,3000,0,0,0,0,0,1,0,0,0,219.18,99.64,273.86,0,592.68,0.2,9000000,0.054878,8.006368,64,225,9.287301,0,0.02952
11000,4,18,34,2,1,4,10,0,0,1,1,0,0,0,2750,0,0,0,0,0,1,0,0,0,352.06,0,531.89,474.23,1358.18,0.49,7562500,0.123471,7.919356,16,324,9.305651,0.043112,0.032005
9100,3.5,35,56,2,1,25,8,1,0,0,1,0,1,0,2600,0,0,0,0,0,1,0,0,0,352.06,0,531.89,474.23,1358.18,0.52,6760000,0.149251,7.863267,625,1225,9.11603,0.052113,0.038688
9896.04,4.41,5,24,1,1,2,12,0,1,0,1,1,0,0,2244,0,0,0,0,0,1,0,0,0,352.06,0,531.89,474.23,1358.18,0.61,5035536,0.137245,7.716015,4,25,9.19989,0.047921,0.035576
9371.25,5.25,7,25,2,1,2,12,0,1,0,1,1,0,0,1785,0,0,0,0,0,1,0,0,0,258.86,0,216.43,417.86,893.15,0.5,3186225,0.095308,7.487174,4,49,9.145402,0.04459,0.027623
11628,5.7,8,25,3,1,0.5,12,0,0,1,1,1,0,0,2040,0,0,0,0,0,1,0,0,0,295.71,0,492.15,0,787.86,0.39,4161600,0.067755,7.620705,0.25,64,9.361172,0,0.025431
10965,5,12,30,1,1,2,12,0,0,0,1,1,0,0,2193,0,0,0,0,0,1,0,0,0,295.71,0,492.15,0,787.86,0.36,4809249,0.071852,7.693026,4,144,9.302464,0,0.026968
9787.49,4.35,31,46,1,0,4,12,0,0,1,1,1,0,0,2250,0,0,0,0,0,1,0,0,0,303.38,0,200.78,0,504.16,0.22,5062500,0.051511,7.718686,16,961,9.18886,0,0.030997
12500,5,8,28,3,1,0.5,13,0,0,1,1,1,0,0,2500,0,0,0,0,0,1,0,0,0,571.73,131.03,713.57,607.17,2023.5,0.81,6250000,0.16188,7.824046,0.25,64,9.433484,0.048574,0.056221
16000,8,23,39,5,1,8,12,1,0,0,1,1,1,0,2000,0,0,0,0,0,1,0,0,0,571.73,131.03,713.57,607.17,2023.5,1.01,4000000,0.126469,7.600903,64,529,9.680344,0.037948,0.043923
13160,5.6,10,26,2,1,0.5,12,0,0,1,1,1,0,0,2350,0,0,0,0,0,1,0,0,0,571.73,131.03,713.57,607.17,2023.5,0.86,5522500,0.153761,7.762171,0.25,100,9.484938,0.046137,0.053401
12350,5.26,11,29,3,1,2,8,1,0,0,1,1,0,0,2350,0,0,0,0,0,1,0,0,0,226,164.45,0,0,390.45,0.17,5522500,0.031615,7.762171,4,121,9.421412,0,0.031615
16468,8.95,39,55,0,1,15,6,0,1,0,1,1,1,0,1840,0,0,0,0,0,1,0,0,0,546.7,0,747.16,964.91,2258.77,1.23,3385600,0.137161,7.517521,225,1521,9.709174,0.058593,0.033198
14625,6.5,5,21,0,0,4,12,0,1,0,0,1,1,0,2250,0,0,0,0,0,1,0,0,0,546.7,0,747.16,964.91,2258.77,1,5062500,0.154446,7.718686,16,25,9.590487,0.065977,0.037381
5390,2.75,7,21,0,0,2,12,0,0,1,0,1,0,1,1960,0,0,0,0,0,1,0,0,0,268.55,69.75,318.79,419.68,1076.77,0.55,3841600,0.199772,7.5807,4,49,8.5923,0.077863,0.062764
7344,4.14,12,28,2,1,4,13,0,1,0,1,1,0,1,1776,0,0,0,0,0,1,0,0,0,270.85,0,395.27,314.45,980.57,0.55,3154176,0.13352,7.482119,16,144,8.901639,0.042817,0.03688
6000,3,6,26,1,1,4,12,0,1,0,0,1,0,1,2000,0,0,0,0,0,1,0,0,0,270.85,0,395.27,314.45,980.57,0.49,4000000,0.163428,7.600903,16,36,8.699514,0.052408,0.045142
5610,2.75,9,26,1,1,0.5,10,0,0,1,1,1,0,1,2040,0,0,0,0,0,1,0,0,0,190.46,0,311.83,0,502.29,0.25,4161600,0.089535,7.620705,0.25,81,8.632306,0,0.03395
5399.99,2.7,5,23,1,1,8,12,0,0,1,0,1,0,1,2000,0,0,0,0,0,1,0,0,0,0,0,0,0,0,0,4000000,0,7.600903,64,25,8.594152,0,0
6885,3.75,12,35,4,0,0.5,13,0,1,0,0,1,0,1,1836,0,0,0,0,0,1,0,0,0,0,0,204.43,0,204.43,0.11,3370896,0.029692,7.515345,0.25,144,8.8371,0,0
10368,5.4,32,57,1,1,15,12,0,1,0,0,1,0,1,1920,0,0,0,0,0,1,0,0,0,385.47,131.89,403.1,595.53,1515.99,0.79,3686400,0.146218,7.560081,225,1024,9.246479,0.057439,0.0499
9611.53,5.6,10,28,2,1,0.5,14,0,0,1,1,1,0,1,1715,0,0,0,0,0,1,0,0,0,445.44,113.17,67.3,0,625.91,0.36,2941225,0.065121,7.447168,0.25,100,9.170719,0,0.058119
10000,4,37,53,3,1,4,13,0,1,0,1,1,0,1,2500,0,0,0,0,0,1,0,0,0,403.17,121.44,490.63,8.73,1023.97,0.41,6250000,0.102397,7.824046,16,1369,9.21034,0.000873,0.052461
9120,3.96,42,58,0,1,8,12,0,0,1,1,1,0,1,2304,0,0,0,0,0,1,0,0,0,403.17,121.44,490.63,8.73,1023.97,0.44,5308416,0.112277,7.742402,64,1764,9.118225,0.000957,0.057523
10500,3,4,24,0,0,0.5,16,1,0,0,1,1,0,1,3500,0,0,0,0,0,1,0,0,0,403.17,121.44,490.63,8.73,1023.97,0.29,12300000,0.097521,8.160519,0.25,16,9.25913,0.000831,0.049963
8277.49,3.85,7,25,0,0,2,16,0,1,0,0,1,0,1,2150,0,0,0,0,0,1,0,0,0,357.87,0,23.78,0,381.65,0.18,4622500,0.046107,7.673223,4,49,9.021296,0,0.043234
8169.99,3.8,8,24,0,1,0.5,12,0,1,0,0,1,0,1,2150,0,0,0,0,0,1,0,0,0,319.43,0,376.47,0,695.9,0.32,4622500,0.085178,7.673223,0.25,64,9.008223,0,0.039098
9690,4.75,5,37,3,1,2,12,0,0,0,0,1,0,1,2040,0,0,0,0,0,1,0,0,0,349.96,0,339.86,7.28,697.1,0.34,4161600,0.07194,7.620705,4,25,9.17885,0.000751,0.036116
11250,3.75,4,20,0,0,0.5,12,0,1,0,1,1,0,1,3000,0,0,0,0,0,1,0,0,0,349.96,0,339.86,7.28,697.1,0.23,9000000,0.061964,8.006368,0.25,16,9.328123,0.000647,0.031108
19428.5,9.91,16,32,0,1,8,13,0,1,0,1,1,0,1,1960,0,0,0,0,0,1,0,0,0,737.12,229.58,624.67,813.94,2405.31,1.23,3841600,0.123803,7.5807,64,256,9.874496,0.041894,0.049757
16500,7.81,16,34,3,1,15,12,1,0,0,1,1,0,1,2112,0,0,0,0,0,1,0,0,0,737.12,229.58,624.67,813.94,2405.31,1.14,4460544,0.145776,7.655391,225,256,9.711116,0.04933,0.058588
19600,7.27,14,34,4,1,15,13,0,1,0,1,1,0,1,2695,0,0,0,0,0,1,0,0,0,737.12,229.58,624.67,813.94,2405.31,0.89,7263025,0.12272,7.899154,225,196,9.883285,0.041528,0.049321
16800,7.14,28,44,3,1,15,13,0,1,0,1,1,0,1,2352,0,0,0,0,0,1,0,0,0,737.12,229.58,624.67,813.94,2405.31,1.02,5531904,0.143173,7.763021,225,784,9.729135,0.048449,0.057542
20000,6.94,9,24,0,0,4,13,1,0,0,0,1,0,1,2880,0,0,0,0,0,1,0,0,0,737.12,229.58,624.67,813.94,2405.31,0.84,8294400,0.120265,7.965546,16,81,9.903487,0.040697,0.048335
27500,14.63,42,63,0,1,25,16,1,0,0,1,1,0,1,1880,0,0,0,0,0,1,0,0,0,737.12,229.58,624.67,813.94,2405.31,1.28,3534400,0.087466,7.539027,625,1764,10.22194,0.029598,0.035153
20000,9.67,14,30,0,0,8,13,0,0,0,1,1,0,1,2068,0,0,0,0,0,1,0,0,0,737.12,229.58,624.67,813.94,2405.31,1.16,4276624,0.120265,7.634337,64,196,9.903487,0.040697,0.048335
16000,8.71,49,65,0,1,25,10,0,1,0,1,1,0,1,1837.5,0,0,0,0,0,1,0,0,0,936,292.96,523.99,2090.24,3843.19,2.09,3376406,0.240199,7.516161,625,2401,9.680344,0.13064,0.07681
12692.3,4.62,11,32,2,1,2,16,0,0,1,1,1,0,1,2750,0,0,0,0,0,1,0,0,0,617.63,217.49,646.9,96.87,1578.89,0.57,7562500,0.124397,7.919356,4,121,9.44875,0.007632,0.065797
13569.2,5.03,5,23,0,0,2,13,0,1,0,1,1,1,1,2695,0,0,0,0,0,1,0,0,0,715.17,0,193.64,764.53,1673.34,0.62,7263025,0.123319,7.899154,4,25,9.515558,0.056343,0.052705
20000,10.2,11,27,1,0,2,16,0,0,0,1,1,0,1,1960,0,0,0,0,0,1,0,0,0,715.17,0,193.64,764.53,1673.34,0.85,3841600,0.083667,7.5807,4,121,9.903487,0.038226,0.035758
15416,8.2,23,39,1,1,15,6,0,0,1,1,1,1,1,1880,0,0,0,0,0,1,0,0,0,780,0,1564.5,1948.5,4293,2.28,3534400,0.278477,7.539027,225,529,9.643161,0.126395,0.050597
6300,3.75,4,20,0,0,2,10,1,0,0,1,1,0,1,1680,0,0,0,0,0,1,0,0,0,381.73,111.85,181.71,339.91,1015.2,0.6,2822400,0.161143,7.426549,4,16,8.748305,0.053954,0.078346
11307.7,5.77,11,46,0,1,8,12,0,0,1,0,1,0,1,1960,0,0,0,0,0,1,0,0,0,391.18,106.7,314.85,421.13,1233.86,0.63,3841600,0.109117,7.5807,64,121,9.33324,0.037243,0.04403
10896,4.54,33,53,2,1,2,12,1,0,0,1,1,0,1,2400,0,0,0,0,0,1,0,0,0,391.18,106.7,314.85,421.13,1233.86,0.51,5760000,0.11324,7.783224,4,1089,9.296151,0.03865,0.045694
8009.05,4.67,3,36,1,0,2,13,0,1,0,0,1,0,1,1715,0,0,0,0,0,1,0,0,0,418.03,0,162.4,208.38,788.81,0.46,2941225,0.09849,7.447168,4,9,8.988327,0.026018,0.052195
14000,6.35,15,51,0,1,8,10,0,0,1,0,1,0,1,2205,0,0,0,0,0,1,0,0,0,790.63,176.68,840.32,995.4,2803.03,1.27,4862025,0.200216,7.698483,64,225,9.546813,0.0711,0.069094
24000,10.91,23,42,0,0,8,14,0,0,0,1,1,0,1,2200,0,0,0,0,0,1,0,0,0,790.63,176.68,840.32,995.4,2803.03,1.27,4840000,0.116793,7.696213,64,529,10.08581,0.041475,0.040305
19100,10.91,10,28,0,0,4,18,0,1,0,0,1,0,1,1750,0,0,0,0,0,1,0,0,0,790.63,176.68,840.32,995.4,2803.03,1.6,3062500,0.146756,7.467371,16,100,9.857444,0.052115,0.050645
25000,11.76,4,28,0,1,2,18,0,1,0,1,1,0,1,2125,0,0,0,0,0,1,0,0,0,790.63,176.68,840.32,995.4,2803.03,1.32,4515625,0.112121,7.661527,4,16,10.12663,0.039816,0.038692
3000,2.5,2,18,0,0,0.5,14,0,0,1,0,1,0,1,1200,0,0,0,0,0,0,1,0,0,36,0,48,94,178,0.15,1440000,0.059333,7.090077,0.25,4,8.006368,0.031333,0.012
6800.62,4.65,15,31,3,1,4,12,0,1,0,0,1,0,1,1462.5,0,0,0,0,0,0,1,0,0,230,0,0,0,230,0.16,2138906,0.03382,7.287902,16,225,8.824769,0,0.03382
9000,5.29,20,38,0,1,15,12,1,0,0,1,1,0,1,1700,0,0,0,0,0,0,1,0,0,405.72,195.33,603.44,944.65,2149.14,1.26,2890000,0.238793,7.438384,225,400,9.10498,0.104961,0.066783
13292.3,8.27,12,30,1,1,15,12,0,0,0,0,1,0,1,1608,0,0,0,0,0,0,1,0,0,827.76,372.38,728.29,1487.5,3415.93,2.12,2585664,0.256986,7.382746,225,144,9.49494,0.111907,0.090288
5520,3,49,65,0,1,25,6,0,0,1,1,0,0,0,1840,0,0,0,0,0,0,1,0,0,0,0,0,0,0,0,3385600,0,7.517521,625,2401,8.616133,0,0
5769.23,3.08,5,25,0,0,2,13,0,0,1,0,0,0,1,1875,0,0,0,0,0,0,1,0,0,358.75,134.87,304.36,503.2,1301.18,0.69,3515625,0.225538,7.536364,4,25,8.660294,0.087221,0.085561
4691.99,2.3,5,24,0,1,0.5,13,0,1,0,0,1,0,1,2040,0,0,0,0,0,0,1,0,0,513.42,0,318.08,254.15,1085.65,0.53,4161600,0.231384,7.620705,0.25,25,8.453612,0.054167,0.109425
8880,5.14,15,31,0,0,0.5,16,1,0,0,0,1,0,1,1728,0,0,0,0,0,0,1,0,0,454.04,184.39,453.1,739.59,1831.12,1.06,2985984,0.206207,7.45472,0.25,225,9.091557,0.083287,0.071895
10400,5.2,5,23,0,0,2,16,0,0,1,0,1,0,1,2000,0,0,0,0,0,0,1,0,0,454.04,184.39,453.1,739.59,1831.12,0.92,4000000,0.176069,7.600903,4,25,9.249561,0.071114,0.061387
9300,4.96,9,25,2,1,4,16,1,0,0,1,1,0,1,1875,0,0,0,0,0,0,1,0,0,454.04,184.39,453.1,739.59,1831.12,0.98,3515625,0.196895,7.536364,16,81,9.13777,0.079526,0.068648
10500,5.57,4,25,0,0,2,16,0,0,1,1,1,0,1,1886.5,0,0,0,0,0,0,1,0,0,454.04,184.39,453.1,739.59,1831.12,0.97,3558882,0.174392,7.542479,4,16,9.25913,0.070437,0.060803
8423.07,4.21,4,22,0,0,4,13,0,0,0,0,0,0,1,2000,0,0,0,0,0,0,1,0,0,454.04,184.39,453.1,739.59,1831.12,0.92,4000000,0.217393,7.600903,16,16,9.03873,0.087805,0.075795
11508,5.48,5,27,2,1,2,12,1,0,0,0,0,0,1,2100,0,0,0,0,0,0,1,0,0,454.04,184.39,453.1,739.59,1831.12,0.87,4410000,0.159117,7.649693,4,25,9.350798,0.064268,0.055477
9230.77,4.1,14,48,0,1,8,12,0,0,1,0,1,0,1,2250,0,0,0,0,0,0,1,0,0,382.92,142.67,355.92,72.59,954.1,0.42,5062500,0.103361,7.718686,64,196,9.130298,0.007864,0.056939
8653.84,4.62,20,36,1,0,0.5,13,0,0,1,0,1,0,1,1875,0,0,0,0,0,0,1,0,0,382.92,142.67,355.92,72.59,954.1,0.51,3515625,0.110252,7.536364,0.25,400,9.065759,0.008388,0.060735
15720,7.28,37,53,0,0,15,12,0,0,0,0,1,0,1,2160,0,0,0,0,0,0,1,0,0,718.24,295.92,657.33,1063.31,2734.8,1.27,4665600,0.173969,7.677864,225,1369,9.662689,0.067641,0.064514
14560,5.6,25,44,2,1,2,12,0,0,1,1,1,0,1,2600,0,0,0,0,0,0,1,0,0,718.24,295.92,657.33,1063.31,2734.8,1.05,6760000,0.18783,7.863267,4,625,9.586033,0.073029,0.069654
19000,11.01,17,34,0,0,8,13,0,0,0,1,1,0,1,1725,0,0,0,0,0,0,1,0,0,718.24,295.92,657.33,1063.31,2734.8,1.59,2975625,0.143937,7.452982,64,289,9.852194,0.055964,0.053377
14800,7.55,15,36,2,1,15,16,0,0,1,1,1,0,1,1960,0,0,0,0,0,0,1,0,0,718.24,295.92,657.33,1063.31,2734.8,1.4,3841600,0.184784,7.5807,225,225,9.602383,0.071845,0.068524
22000,11,21,43,3,1,2,13,0,1,0,1,1,0,1,2000,0,0,0,0,0,0,1,0,0,718.24,295.92,657.33,1063.31,2734.8,1.37,4000000,0.124309,7.600903,4,441,9.998797,0.048332,0.046098
19200,8.71,23,44,2,1,2,14,0,1,0,1,1,0,1,2205,0,0,0,0,0,0,1,0,0,935.41,350.68,579.98,0,1866.07,0.85,4862025,0.097191,7.698483,4,529,9.862665,0,0.066984
6468,3.52,34,62,0,1,15,8,0,0,1,0,1,0,1,1837.5,0,0,0,0,0,0,1,0,0,382.53,169.43,309.62,565.6,1427.18,0.78,3376406,0.220652,7.516161,225,1156,8.774622,0.087446,0.085337
7150,4.09,6,30,0,1,4,16,1,0,0,1,1,0,1,1750,0,0,0,0,0,0,1,0,0,382.53,169.43,309.62,565.6,1427.18,0.82,3062500,0.199606,7.467371,16,36,8.874867,0.079105,0.077197
9000,5.06,18,59,0,1,8,13,0,1,0,0,1,0,1,1777.5,0,0,0,0,0,0,1,0,0,533.69,211.19,493.77,853.33,2091.98,1.18,3159506,0.232442,7.482963,64,324,9.10498,0.094814,0.082764
31000,18.08,32,51,2,1,2,13,0,1,0,1,1,0,1,1715,0,0,0,0,0,0,1,0,0,868.77,404.34,673.74,1297.44,3244.29,1.89,2941225,0.104654,7.447168,4,1024,10.34174,0.041853,0.041068
40000,22.73,35,51,4,1,2,18,1,0,0,1,1,0,1,1760,0,0,0,0,0,0,1,0,0,868.77,404.34,673.74,1297.44,3244.29,1.84,3097600,0.081107,7.473069,4,1225,10.59663,0.032436,0.031828
2884.61,1.92,24,64,0,0,0.5,16,0,0,0,0,1,0,0,1500,0,0,0,0,0,0,0,1,0,42.99,22.95,0,0,65.94,0.04,2250000,0.022859,7.313221,0.25,576,7.967145,0,0.022859
6500,3.25,15,31,2,1,15,12,1,0,0,1,1,0,0,2000,0,0,0,0,0,0,0,1,0,121.68,34.47,142.19,0,298.34,0.15,4000000,0.045899,7.600903,225,225,8.779557,0,0.024023
5653.84,2.56,44,63,0,1,25,12,0,0,0,1,1,0,0,2205,0,0,0,0,0,0,0,1,0,112.9,18.58,250,0,381.48,0.17,4862025,0.067473,7.698483,625,1936,8.64009,0,0.023255
4425.2,2.3,1,20,0,0,0.5,12,0,0,1,0,1,0,0,1924,0,0,0,0,0,0,0,1,0,140,0,5.99,0,145.99,0.08,3701776,0.032991,7.562161,0.25,1,8.395071,0,0.031637
8343.74,4.45,23,39,3,1,2,12,0,0,1,1,1,1,0,1875,0,0,0,0,0,0,0,1,0,274,57.5,225,163.5,720,0.38,3515625,0.086292,7.536364,4,529,9.029267,0.019595,0.03973
27720,10.5,19,35,2,1,15,12,1,0,0,1,1,0,0,2640,0,0,0,0,0,0,0,1,0,785.05,297.52,506.63,979.09,2568.29,0.97,6969600,0.092651,7.878534,225,361,10.22991,0.035321,0.039054
13392,6.64,23,41,2,1,15,12,1,0,0,1,1,0,0,2016,0,0,0,0,0,0,0,1,0,785.05,297.52,506.63,979.09,2568.29,1.27,4064256,0.191778,7.608871,225,529,9.502413,0.07311,0.080837
20000,6.05,19,35,2,1,15,13,0,0,0,1,1,0,0,3307.5,0,0,0,0,0,0,0,1,0,785.05,297.52,506.63,979.09,2568.29,0.78,10900000,0.128414,8.103948,225,361,9.903487,0.048954,0.054129
22440,8,10,26,2,1,2,13,0,1,0,1,1,0,0,2805,0,0,0,0,0,0,0,1,0,460,0,308.17,0,768.17,0.27,7868025,0.034232,7.939159,4,100,10.0186,0,0.020499
16000,8,18,35,3,1,0.5,12,0,0,0,1,1,0,0,2000,0,0,0,0,0,0,0,1,0,189,0,0,0,189,0.09,4000000,0.011813,7.600903,0.25,324,9.680344,0,0.011813
6799.99,3.4,21,37,0,1,4,16,1,0,0,1,1,1,1,2000,0,0,0,0,0,0,0,1,0,73.2,0,120,0,193.2,0.1,4000000,0.028412,7.600903,16,441,8.824677,0,0.010765
5000,2.5,3,20,0,0,0.5,13,0,0,1,0,1,0,1,2000,0,0,0,0,0,0,0,1,0,0,0,0,0,0,0,4000000,0,7.600903,0.25,9,8.517193,0,0
9360,4.11,10,27,0,0,4,12,1,0,0,0,1,0,1,2280,0,0,0,0,0,0,0,1,0,412.37,120.24,406.41,626.16,1565.18,0.69,5198400,0.16722,7.731931,16,100,9.1442,0.066897,0.056903
11545.4,5.61,25,45,1,1,2,13,0,0,1,1,1,0,1,2058,0,0,0,0,0,0,0,1,0,354.72,123.13,535.04,51.02,1063.91,0.52,4235364,0.09215,7.62949,4,625,9.354042,0.004419,0.041389
9639,4.5,7,23,1,0,2,13,0,0,0,1,1,0,1,2142,0,0,0,0,0,0,0,1,0,395.18,4.15,427.47,0,826.8,0.39,4588164,0.085777,7.669495,4,49,9.173573,0,0.041429
8324.99,3.7,5,22,0,1,4,12,0,0,1,1,1,0,1,2250,0,0,0,0,0,0,0,1,0,349.75,0,997.5,0,1347.25,0.6,5062500,0.161832,7.718686,16,25,9.027018,0,0.042012
35000,16.91,24,47,0,1,15,18,0,0,0,1,1,0,1,2070,0,0,0,0,0,0,0,1,0,795.26,244.61,510.99,1424.04,2974.9,1.44,4284900,0.084997,7.635304,225,576,10.4631,0.040687,0.029711
24000,14.59,29,45,0,0,25,13,0,0,0,1,1,0,1,1645,0,0,0,0,0,0,0,1,0,796.61,286.02,796.72,1333.98,3213.33,1.95,2706025,0.133889,7.405496,625,841,10.08581,0.055582,0.04511
14400,7.5,15,31,3,1,15,13,0,0,1,1,1,0,1,1920,0,0,0,0,0,0,0,1,0,796.61,286.02,796.72,1333.98,3213.33,1.67,3686400,0.223148,7.560081,225,225,9.574984,0.092637,0.075183
15000,8.57,13,32,0,1,4,18,1,0,0,0,1,0,1,1750,0,0,0,0,0,0,0,1,0,796.61,286.02,796.72,1333.98,3213.33,1.84,3062500,0.214222,7.467371,16,169,9.615806,0.088932,0.072175
3450,2.3,3,36,3,0,0.5,10,0,1,0,0,1,0,0,1500,0,0,0,0,0,0,0,0,1,63.25,0,0,0,63.25,0.04,2250000,0.018333,7.313221,0.25,9,8.14613,0,0.018333
1800,2.5,23,69,0,0,25,13,0,0,1,0,1,0,1,720,0,0,0,0,0,0,0,0,1,0,0,0,0,0,0,518400,0,6.579251,625,529,7.495542,0,0
2574,3.25,16,49,2,1,15,16,0,0,1,0,1,0,1,792,0,0,0,0,0,0,0,0,1,0,0,0,0,0,0,627264,0,6.674562,225,256,7.853216,0,0
9500,5.88,7,25,0,0,0.5,18,1,0,0,0,1,0,1,1617,0,0,0,0,0,0,0,0,1,452.5,376,0,0,828.5,0.51,2614689,0.08721,7.388328,0.25,49,9.159047,0,0.08721
16000,20,9,32,2,1,2,18,0,1,0,1,1,0,1,800,0,0,0,0,0,0,0,0,1,157.69,368.09,703.57,498.07,1727.42,2.16,640000,0.107964,6.684612,4,81,9.680344,0.031129,0.032861
20300,16.92,15,34,3,1,2,18,1,0,0,1,1,1,1,1200,0,0,0,0,0,0,0,0,1,662.86,319,305,540.86,1827.72,1.52,1440000,0.090036,7.090077,4,225,9.918376,0.026643,0.048368
16700,12.65,13,34,2,1,8,18,1,0,0,1,1,1,1,1320,0,0,0,0,0,0,0,0,1,662.86,319,305,540.86,1827.72,1.38,1742400,0.109444,7.185387,64,169,9.723164,0.032387,0.058794
5500,2.93,32,48,0,1,2,8,1,0,0,1,1,0,0,1875,0,0,0,0,0,0,0,0,1,267.75,132.66,243.75,225.84,870,0.46,3515625,0.158182,7.536364,4,1024,8.612503,0.041062,0.072802
6125,3.06,28,46,1,0,15,13,0,0,1,0,0,0,0,2000,0,0,0,0,0,0,0,0,1,267.75,132.66,243.75,225.84,870,0.43,4000000,0.142041,7.600903,225,784,8.720134,0.036872,0.065373
6281.24,3.35,8,36,6,1,8,10,0,1,0,0,0,1,0,1875,0,0,0,0,0,0,0,0,1,248.5,100.13,164.52,236.58,749.73,0.4,3515625,0.11936,7.536364,64,64,8.745323,0.037664,0.055503
5019.99,2.51,13,32,1,0,4,13,0,1,0,0,1,0,0,2000,0,0,0,0,0,0,0,0,1,248.5,100.13,164.52,236.58,749.73,0.37,4000000,0.149349,7.600903,16,169,8.521183,0.047128,0.069448
6885,3,12,35,7,0,0.5,10,0,0,1,0,0,0,0,2295,0,0,0,0,0,0,0,0,1,144.38,56.04,59.58,0,260,0.11,5267025,0.037763,7.738488,0.25,144,8.8371,0,0.02911
6854.39,3.57,12,48,3,1,8,12,0,1,0,0,0,0,0,1920,0,0,0,0,0,0,0,0,1,200.84,94.22,158.59,0,453.65,0.24,3686400,0.066184,7.560081,64,144,8.832644,0,0.043047
8280,4.5,8,25,0,0,4,13,0,0,1,0,0,0,0,1840,0,0,0,0,0,0,0,0,1,163.31,198.82,0,0,362.13,0.2,3385600,0.043735,7.517521,16,64,9.021598,0,0.043735
3000,1.79,24,46,0,0,15,13,0,1,0,0,1,0,1,1680,0,0,0,0,0,0,0,0,1,333.97,140,132.47,188.07,794.51,0.47,2822400,0.264837,7.426549,225,576,8.006368,0.06269,0.15799
4900,4.67,10,29,2,1,2,12,1,0,0,0,1,0,1,1050,0,0,0,0,0,0,0,0,1,373.29,115.07,248.13,301.49,1037.98,0.99,1102500,0.211833,6.956545,4,100,8.49699,0.061529,0.099665
6092.3,3.43,13,35,1,1,2,18,0,0,0,0,0,0,1,1776,0,0,0,0,0,0,0,0,1,373.29,115.07,248.13,301.49,1037.98,0.58,3154176,0.170376,7.482119,4,169,8.714781,0.049487,0.08016
7920,4.13,38,66,0,1,25,6,1,0,0,0,1,1,1,1920,0,0,0,0,0,0,0,0,1,373.29,115.07,248.13,301.49,1037.98,0.54,3686400,0.131058,7.560081,625,1444,8.977146,0.038067,0.061662
5915.07,2.57,3,19,0,1,0.5,12,0,0,1,0,1,0,1,2304,0,0,0,0,0,0,0,0,1,373.29,115.07,248.13,301.49,1037.98,0.45,5308416,0.175481,7.742402,0.25,9,8.685259,0.05097,0.082562
5760,3,7,23,0,1,0.5,13,0,0,1,0,0,0,1,1920,0,0,0,0,0,0,0,0,1,373.29,115.07,248.13,301.49,1037.98,0.54,3686400,0.180205,7.560081,0.25,49,8.658692,0.052342,0.084785
5480.77,2.92,12,30,2,0,4,12,0,0,1,0,1,0,1,1875,0,0,0,0,0,0,0,0,1,194.48,172.04,10.3,0,376.82,0.2,3515625,0.068753,7.536364,16,144,8.609001,0,0.066874
7000,3.5,36,54,0,0,4,13,0,0,1,0,0,0,1,2000,0,0,0,0,0,0,0,0,1,313.89,177.23,233.62,0,724.74,0.36,4000000,0.103534,7.600903,16,1296,8.853665,0,0.07016
5538.46,3.3,26,42,0,0,8,10,0,1,0,0,0,1,1,1680,0,0,0,0,0,0,0,0,1,175.27,0,64.8,0,240.07,0.14,2822400,0.043346,7.426549,64,676,8.619472,0,0.031646
6646.15,3.08,8,28,0,1,0.5,16,0,1,0,1,1,0,1,2160,0,0,0,0,0,0,0,0,1,0,0,0,0,0,0,4665600,0,7.677864,0.25,64,8.801793,0,0
5076.92,2.9,1,19,0,0,0.5,12,0,0,1,0,1,0,1,1750,0,0,0,0,0,0,0,0,1,0,0,0,0,0,0,3062500,0,7.467371,0.25,1,8.53246,0,0
5000,2.78,6,22,0,1,0.5,16,1,0,0,0,1,0,1,1800,0,0,0,0,0,0,0,0,1,0,0,0,0,0,0,3240000,0,7.495542,0.25,36,8.517193,0,0
10500,4.86,37,55,2,1,4,12,0,0,1,1,1,0,1,2160,0,0,0,0,0,0,0,0,1,415.03,169.45,306.7,415.56,1306.74,0.6,4665600,0.124451,7.677864,16,1369,9.25913,0.039577,0.055665
12000,4.76,33,53,1,1,8,18,0,1,0,1,1,0,1,2520,0,0,0,0,0,0,0,0,1,415.03,169.45,306.7,415.56,1306.74,0.52,6350400,0.108895,7.832014,64,1089,9.392662,0.03463,0.048707
10600,6.54,8,25,0,1,4,14,0,1,0,0,1,1,1,1620,0,0,0,0,0,0,0,0,1,539.77,245.4,347.78,506.58,1639.53,1.01,2624400,0.154673,7.390182,16,64,9.268609,0.047791,0.074073
12000,6.67,11,27,0,1,2,18,0,1,0,1,1,1,1,1800,0,0,0,0,0,0,0,0,1,539.77,245.4,347.78,506.58,1639.53,0.91,3240000,0.136628,7.495542,4,121,9.392662,0.042215,0.065431
10523.1,4.62,20,36,0,1,15,12,0,0,0,0,1,0,1,2280,0,0,0,0,0,0,0,0,1,539.77,245.4,347.78,506.58,1639.53,0.72,5198400,0.155803,7.731931,225,400,9.261328,0.04814,0.074614
10728,5.16,12,28,1,0,8,12,0,1,0,0,1,0,1,2080,0,0,0,0,0,0,0,0,1,539.77,245.4,347.78,506.58,1639.53,0.79,4326400,0.152827,7.640123,64,144,9.280612,0.04722,0.073189
9980.77,4.99,14,29,0,0,0.5,13,0,1,0,0,1,0,1,2000,0,0,0,0,0,0,0,0,1,539.77,245.4,347.78,506.58,1639.53,0.82,4000000,0.164269,7.600903,0.25,196,9.208415,0.050756,0.078668
10000,5.13,13,30,2,1,8,18,1,0,0,0,1,1,1,1950,0,0,0,0,0,0,0,0,1,539.77,245.4,347.78,506.58,1639.53,0.84,3802500,0.163953,7.575585,64,169,9.21034,0.050658,0.078517
9150,3.81,30,47,2,1,2,18,0,0,1,1,1,0,1,2400,0,0,0,0,0,0,0,0,1,283,106.5,300.33,584.5,1274.33,0.53,5760000,0.139271,7.783224,4,900,9.12151,0.06388,0.042568
11092.8,5.66,11,31,1,0,4,16,0,0,0,0,1,1,1,1960,0,0,0,0,0,0,0,0,1,283,106.5,300.33,584.5,1274.33,0.65,3841600,0.114879,7.5807,16,121,9.314052,0.052692,0.035113
9500,3.6,31,47,2,1,2,18,0,1,0,1,1,0,1,2640,0,0,0,0,0,0,0,0,1,283,106.5,300.33,584.5,1274.33,0.48,6969600,0.13414,7.878534,4,961,9.159047,0.061526,0.041
17900,8.02,10,33,0,0,4,18,0,0,1,0,1,0,1,2232,0,0,0,0,0,0,0,0,1,930.47,312.32,653.72,1264.68,3161.19,1.42,4981824,0.176603,7.710653,16,100,9.792556,0.070652,0.06943
13000,7.74,23,38,5,1,0.5,18,0,1,0,1,1,0,1,1680,0,0,0,0,0,0,0,0,1,930.47,312.32,653.72,1264.68,3161.19,1.88,2822400,0.243169,7.426549,0.25,529,9.472705,0.097283,0.095599
13500,9.12,15,31,2,1,8,16,0,0,0,1,1,1,1,1480,0,0,0,0,0,0,0,0,1,930.47,312.32,653.72,1264.68,3161.19,2.14,2190400,0.234162,7.299798,64,225,9.510445,0.09368,0.092059
12500,8.77,10,30,2,1,4,18,0,0,1,0,1,1,1,1425,0,0,0,0,0,0,0,0,1,930.47,312.32,653.72,1264.68,3161.19,2.22,2030625,0.252895,7.261927,16,100,9.433484,0.101174,0.099423
13456.1,6.87,25,41,2,1,4,13,0,0,0,0,1,0,1,1960,0,0,0,0,0,0,0,0,1,930.47,312.32,653.72,1264.68,3161.19,1.61,3841600,0.234926,7.5807,16,625,9.507188,0.093986,0.092359
17500,6.08,12,39,2,1,8,14,0,0,1,0,1,0,1,2880,0,0,0,0,0,0,0,0,1,930.47,312.32,653.72,1264.68,3161.19,1.1,8294400,0.180639,7.965546,64,144,9.769957,0.072267,0.071017
13440,8,24,43,2,1,15,16,1,0,0,0,1,1,1,1680,0,0,0,0,0,0,0,0,1,930.47,312.32,653.72,1264.68,3161.19,1.88,2822400,0.235208,7.426549,225,576,9.505991,0.094098,0.092469
13000,7.9,20,37,0,0,8,18,1,0,0,0,1,0,1,1645,0,0,0,0,0,0,0,0,1,930.47,312.32,653.72,1264.68,3161.19,1.92,2706025,0.243169,7.405496,64,400,9.472705,0.097283,0.095599
15000,8.33,21,37,2,1,8,18,0,0,0,1,1,0,1,1800,0,0,0,0,0,0,0,0,1,930.47,312.32,653.72,1264.68,3161.19,1.76,3240000,0.210746,7.495542,64,441,9.615806,0.084312,0.082853
14500,6.44,8,26,0,0,4,18,0,0,1,1,1,0,1,2250,0,0,0,0,0,0,0,0,1,930.47,312.32,653.72,1264.68,3161.19,1.4,5062500,0.218013,7.718686,16,64,9.581903,0.087219,0.08571
20000,9.52,34,50,2,1,15,18,0,1,0,1,1,1,1,2100,0,0,0,0,0,0,0,0,1,930.47,312.32,653.72,1264.68,3161.19,1.51,4410000,0.158059,7.649693,225,1156,9.903487,0.063234,0.06214
15400,8.56,30,48,2,1,8,16,0,0,1,0,1,0,1,1800,0,0,0,0,0,0,0,0,1,930.47,312.32,653.72,1264.68,3161.19,1.76,3240000,0.205272,7.495542,64,900,9.642123,0.082122,0.080701
30000,11.76,27,43,1,1,2,12,0,0,1,1,1,1,1,2550,0,0,0,0,0,0,0,0,1,930.47,312.32,653.72,1264.68,3161.19,1.24,6502500,0.105373,7.843849,4,729,10.30895,0.042156,0.041426
16500,6.22,5,27,0,1,0.5,18,0,1,0,1,1,0,1,2652,0,0,0,0,0,0,0,0,1,930.47,312.32,653.72,1264.68,3161.19,1.19,7033104,0.191587,7.88307,0.25,25,9.711116,0.076647,0.075321
17000,4.67,19,35,2,1,2,18,1,0,0,1,1,0,1,3640,0,0,0,0,0,0,0,0,1,930.47,312.32,653.72,1264.68,3161.19,0.87,13200000,0.185952,8.199739,4,361,9.740969,0.074393,0.073105
12500,5,12,28,0,1,2,18,0,1,0,1,1,0,1,2500,0,0,0,0,0,0,0,0,1,930.47,312.32,653.72,1264.68,3161.19,1.26,6250000,0.252895,7.824046,4,144,9.433484,0.101174,0.099423
16000,9.92,32,50,0,0,15,18,0,0,0,0,1,1,1,1612.5,0,0,0,0,0,0,0,0,1,740.68,277.55,158.25,2346.35,3522.83,2.18,2600156,0.220177,7.385541,225,1024,9.680344,0.146647,0.063639
14150,4.72,37,53,0,1,2,16,0,0,0,1,1,0,1,3000,0,0,0,0,0,0,0,0,1,740.68,277.55,158.25,2346.35,3522.83,1.17,9000000,0.248963,8.006368,4,1369,9.55747,0.16582,0.07196
16000,10.81,22,42,1,1,15,18,0,0,0,1,1,1,1,1480,0,0,0,0,0,0,0,0,1,740.68,277.55,158.25,2346.35,3522.83,2.38,2190400,0.220177,7.299798,225,484,9.680344,0.146647,0.063639
13300,7.34,14,30,0,0,2,18,0,0,0,0,1,0,1,1813,0,0,0,0,0,0,0,0,1,740.68,277.55,158.25,2346.35,3522.83,1.94,3286969,0.264874,7.502738,4,196,9.49552,0.176417,0.076559
16500,8.59,32,48,2,1,8,18,0,1,0,1,1,0,1,1920,0,0,0,0,0,0,0,0,1,740.68,277.55,158.25,2346.35,3522.83,1.83,3686400,0.213505,7.560081,64,1024,9.711116,0.142203,0.061711
14600,5.1,34,54,7,0,4,18,0,0,1,1,0,0,1,2860,0,0,0,0,0,0,0,0,1,740.68,277.55,158.25,2346.35,3522.83,1.23,8179600,0.24129,7.958577,16,1156,9.588777,0.160709,0.069742
22000,12.73,26,46,0,0,15,18,0,0,1,0,1,0,1,1728,0,0,0,0,0,0,0,0,1,740.68,277.55,158.25,2346.35,3522.83,2.04,2985984,0.160129,7.45472,225,676,9.998797,0.106652,0.046283
22050,15.75,35,63,1,0,15,18,1,0,0,0,1,1,1,1400,0,0,0,0,0,0,0,0,1,740.68,277.55,158.25,2346.35,3522.83,2.52,1960000,0.159766,7.244227,225,1225,10.00107,0.10641,0.046178
14200,5.16,9,36,2,1,0.5,18,0,1,0,1,0,0,1,2750,0,0,0,0,0,0,0,0,1,634.17,347.92,235.42,399.25,1616.76,0.59,7562500,0.113856,7.919356,0.25,81,9.560997,0.028116,0.069161
14586,5.26,40,55,0,1,8,12,1,0,0,1,0,0,1,2773,0,0,0,0,0,0,0,0,1,709.77,254.05,575.91,0,1539.73,0.56,7689529,0.105562,7.927685,64,1600,9.587817,0,0.066078
17000,5.9,33,49,3,1,15,18,0,1,0,1,1,0,1,2880,0,0,0,0,0,0,0,0,1,1312.84,0,946.11,1231.44,3490.39,1.21,8294400,0.205317,7.965546,225,1089,9.740969,0.072438,0.077226
12936,6,13,44,4,1,2,14,0,1,0,0,1,0,1,2156,0,0,0,0,0,0,0,0,1,637.51,0,748.07,0,1385.58,0.64,4648336,0.10711,7.67601,4,169,9.46777,0,0.049282
6659.99,3.33,10,26,0,1,0.5,13,0,1,0,1,1,0,0,2000,0,0,0,0,0,0,0,0,1,353.83,149.95,266.47,261.49,1031.74,0.52,4000000,0.154916,7.600903,0.25,100,8.803873,0.039263,0.075643
7679.99,3.2,9,25,0,0,4,13,0,0,0,1,1,0,0,2400,0,0,0,0,0,0,0,0,1,353.83,149.95,266.47,261.49,1031.74,0.43,5760000,0.134341,7.783224,16,81,8.946374,0.034048,0.065596
9399.99,4.7,7,26,1,0,4,12,0,1,0,0,1,0,0,2000,0,0,0,0,0,0,0,0,1,490.99,237.99,443.06,390.3,1562.34,0.78,4000000,0.166207,7.600903,16,49,9.148464,0.041521,0.077551
12000,6.12,50,64,0,1,8,8,1,0,0,1,1,1,0,1960,0,0,0,0,0,0,0,0,1,542.45,319.45,821.27,0,1683.17,0.86,3841600,0.140264,7.5807,64,2500,9.392662,0,0.071825
11739,5.46,3,22,0,0,2,13,0,1,0,0,1,0,0,2150,0,0,0,0,0,0,0,0,1,98.57,0,133.13,21.79,253.49,0.12,4622500,0.021594,7.673223,4,9,9.370672,0.001856,0.008397
12364.8,6.44,20,37,2,1,15,13,0,1,0,0,1,1,0,1920,0,0,0,0,0,0,0,0,1,665.81,319.22,581.62,536.9,2103.55,1.1,3686400,0.170124,7.560081,225,400,9.422609,0.043422,0.079664
12500,7.29,31,47,4,1,8,12,1,0,0,1,1,1,0,1715,0,0,0,0,0,0,0,0,1,665.81,319.22,581.62,536.9,2103.55,1.23,2941225,0.168284,7.447168,64,961,9.433484,0.042952,0.078802
10700,6.11,7,23,0,1,2,18,1,0,0,0,1,1,1,1750,0,0,0,0,0,0,0,0,1,553.67,257.63,398.91,404.22,1614.43,0.92,3062500,0.150881,7.467371,4,49,9.277999,0.037778,0.075822
8789.76,4.36,8,27,1,1,4,14,0,0,1,0,1,0,1,2016,0,0,0,0,0,0,0,0,1,553.67,257.63,398.91,404.22,1614.43,0.8,4064256,0.183672,7.608871,16,64,9.081343,0.045988,0.092301
11000,5.99,16,32,0,1,8,12,0,0,1,0,1,0,1,1837.5,0,0,0,0,0,0,0,0,1,553.67,257.63,398.91,404.22,1614.43,0.88,3376406,0.146766,7.516161,64,256,9.305651,0.036747,0.073755
9199,4.6,6,22,0,0,2,12,0,1,0,0,1,0,1,2000,0,0,0,0,0,0,0,0,1,553.67,257.63,398.91,404.22,1614.43,0.81,4000000,0.175501,7.600903,4,36,9.12685,0.043942,0.088194
8519.99,4.26,25,44,0,0,2,12,0,1,0,0,1,0,1,2000,0,0,0,0,0,0,0,0,1,553.67,257.63,398.91,404.22,1614.43,0.81,4000000,0.189487,7.600903,4,625,9.050171,0.047444,0.095223
9600,4.8,1,23,0,0,0.5,16,0,0,1,0,1,0,1,2000,0,0,0,0,0,0,0,0,1,553.67,257.63,398.91,404.22,1614.43,0.81,4000000,0.16817,7.600903,0.25,1,9.169518,0.042106,0.08451
11662,6.8,8,24,0,0,0.5,18,0,1,0,0,1,0,1,1715,0,0,0,0,0,0,0,0,1,553.67,257.63,398.91,404.22,1614.43,0.94,2941225,0.138435,7.447168,0.25,64,9.364091,0.034661,0.069568
22000,9.17,10,35,2,1,2,18,0,0,0,1,1,0,1,2400,0,0,0,0,0,0,0,0,1,882.57,343.34,540.58,885.92,2652.41,1.11,5760000,0.120564,7.783224,4,100,9.998797,0.040269,0.055723
16000,5.23,23,39,3,1,0.5,6,0,0,1,1,1,0,1,3060,0,0,0,0,0,0,0,0,1,882.57,343.34,540.58,885.92,2652.41,0.87,9363600,0.165776,8.02617,0.25,529,9.680344,0.05537,0.076619
22000,8.33,38,52,0,0,0.5,18,0,0,1,0,1,0,1,2640,0,0,0,0,0,0,0,0,1,882.57,343.34,540.58,885.92,2652.41,1,6969600,0.120564,7.878534,0.25,1444,9.998797,0.040269,0.055723
15312.5,6.25,8,28,0,1,0.5,18,0,1,0,1,1,0,1,2450,0,0,0,0,0,0,0,0,1,1121.6,298.27,69.77,146.87,1636.51,0.67,6002500,0.106874,7.803843,0.25,64,9.636425,0.009591,0.092726
20700,10,22,40,1,1,2,12,0,1,0,1,1,1,1,2070,0,0,0,0,0,0,0,0,1,1885,0,603.67,1152.67,3641.34,1.76,4284900,0.17591,7.635304,4,484,9.937889,0.055684,0.091063
9000,4,3,21,0,0,0.5,10,0,0,1,1,0,0,0,2250,0,1,0,0,0,0,0,0,0,413.59,176.72,467.85,0,1058.16,0.47,5062500,0.117573,7.718686,0.25,9,9.10498,0,0.06559
9600,5,1,20,0,0,0.5,13,0,0,1,1,1,0,0,1920,0,1,0,0,0,0,0,0,0,233.97,0,41.2,0,275.17,0.14,3686400,0.028664,7.560081,0.25,1,9.169518,0,0.024372
14280,5.1,12,28,3,1,0.5,16,0,0,1,1,1,0,0,2800,0,1,0,0,0,0,0,0,0,139.56,0,356.26,0,495.82,0.18,7840000,0.034721,7.937375,0.25,144,9.566615,0,0.009773
7500,4.29,25,46,1,0,8,12,0,1,0,0,1,0,1,1750,0,1,0,0,0,0,0,0,0,300.5,73,0,0,373.5,0.21,3062500,0.0498,7.467371,64,625,8.922658,0,0.0498
16000,8.16,40,53,0,1,15,16,0,0,1,1,1,0,1,1960,0,1,0,0,0,0,0,0,0,995.69,408.11,917.51,1452.01,3773.32,1.93,3841600,0.235833,7.5807,225,1600,9.680344,0.090751,0.087737
30000,12.63,22,38,1,1,8,13,0,0,0,1,1,1,1,2375,0,1,0,0,0,0,0,0,0,995.69,408.11,917.51,1452.01,3773.32,1.59,5640625,0.125777,7.772753,64,484,10.30895,0.0484,0.046793
9164.99,4.7,16,33,1,1,8,10,0,0,1,1,0,1,0,1950,0,1,0,0,0,0,0,0,0,1105.41,0,1556.5,1915.69,4577.6,2.35,3802500,0.499466,7.575585,64,256,9.123146,0.209023,0.120612
10210.7,5.17,12,27,2,0,4,10,0,1,0,1,1,1,0,1975,0,0,1,0,0,0,0,0,0,453.63,1.45,568.03,421.65,1444.76,0.73,3900625,0.141495,7.588324,16,144,9.231192,0.041295,0.044569
9214.39,4.43,35,51,2,1,0.5,6,0,1,0,1,1,1,0,2080,0,0,1,0,0,0,0,0,0,124,0,136.07,0,260.07,0.13,4326400,0.028224,7.640123,0.25,1225,9.128522,0,0.013457
16000,7.57,45,63,0,1,25,13,1,0,0,1,1,1,0,2115,0,0,1,0,0,0,0,0,0,674.78,145.13,874.29,797.09,2491.29,1.18,4473225,0.155706,7.65681,625,2025,9.680344,0.049818,0.051244
17012.8,6.2,17,33,2,1,15,12,0,1,0,1,1,1,0,2744,0,0,1,0,0,0,0,0,0,871.49,0,1404.89,978.43,3254.81,1.19,7529536,0.191315,7.917172,225,289,9.741721,0.057511,0.051226
13160,7,40,56,0,1,15,13,0,0,0,1,1,0,0,1880,0,0,1,0,0,0,0,0,0,266.65,0,668.42,0,935.0699,0.5,3534400,0.071054,7.539027,225,1600,9.484938,0,0.020262
7915.38,3.85,4,21,3,0,2,16,0,0,0,0,0,0,1,2058,0,0,1,0,0,0,0,0,0,362.8,64,390,195.2,1012,0.49,4235364,0.127852,7.62949,4,16,8.976563,0.024661,0.05392
13200,6.88,20,45,1,1,15,12,0,0,1,0,1,0,1,1920,0,0,1,0,0,0,0,0,0,905.65,219.82,998.97,1230.22,3354.66,1.75,3686400,0.254141,7.560081,225,400,9.487972,0.093199,0.085263
35000,16.34,25,47,1,1,15,13,0,1,0,1,1,0,1,2142,0,0,1,0,0,0,0,0,0,710.69,187.31,776.67,0,1674.67,0.78,4588164,0.047848,7.669495,225,625,10.4631,0,0.025657
7659.99,3.83,7,26,0,0,8,12,0,1,0,0,1,1,0,2000,0,0,1,0,0,0,0,0,0,355.33,104.64,466.88,409.34,1336.19,0.67,4000000,0.174438,7.600903,64,49,8.943766,0.053439,0.060048
7650,3.75,4,24,0,0,0.5,12,0,0,0,0,1,0,0,2040,0,0,1,0,0,0,0,0,0,101.39,0,115.64,0,217.03,0.11,4161600,0.02837,7.620705,0.25,16,8.942461,0,0.013254
17216.6,7.32,16,33,4,1,15,12,0,1,0,1,1,1,0,2352,0,0,1,0,0,0,0,0,0,898.55,203.74,1332.61,1235.02,3669.92,1.56,5531904,0.213162,7.763021,225,256,9.75363,0.071734,0.064025
8100,4.05,7,24,1,1,15,10,0,0,1,1,1,0,1,2000,0,0,1,0,0,0,0,0,0,642.34,0,415.94,667.17,1725.45,0.86,4000000,0.213018,7.600903,225,49,8.999619,0.082367,0.079301
6526.8,3.33,17,33,0,0,8,10,1,0,0,0,1,0,0,1960,0,0,0,1,0,0,0,0,0,228.5,0,325.85,253.87,808.22,0.41,3841600,0.123831,7.5807,64,289,8.783672,0.038897,0.035009
5319.99,2.66,11,30,1,1,8,10,0,0,1,0,1,0,0,2000,0,0,0,1,0,0,0,0,0,228.5,0,325.85,253.87,808.22,0.4,4000000,0.151921,7.600903,64,121,8.579226,0.04772,0.042951
5879.99,2.8,3,20,0,0,0.5,8,0,0,1,0,1,0,0,2100,0,0,0,1,0,0,0,0,0,236.04,0,83.06,0,319.1,0.15,4410000,0.054269,7.649693,0.25,9,8.679311,0,0.040143
5500,2.75,26,47,2,1,8,6,1,0,0,0,1,0,0,2000,0,0,0,1,0,0,0,0,0,138.91,0,198.05,0,336.96,0.17,4000000,0.061266,7.600903,64,676,8.612503,0,0.025256
19824.7,9.04,4,24,0,1,2,16,0,0,0,1,1,1,0,2193,0,0,0,1,0,0,0,0,0,857.53,203.9,853.38,1055.12,2969.93,1.35,4809249,0.14981,7.693026,4,16,9.894684,0.053222,0.053541
5605.6,2.6,10,27,2,1,4,10,0,0,1,0,0,1,0,2156,0,0,0,1,0,0,0,0,0,380.33,0,402.04,211.59,993.96,0.46,4648336,0.177315,7.67601,16,100,8.631521,0.037746,0.067848
17860,10,41,57,0,1,25,12,0,0,0,1,1,1,0,1786,0,0,0,1,0,0,0,0,0,1023.75,227.03,1054.58,1260.8,3566.16,2,3189796,0.199673,7.487734,625,1681,9.790318,0.070594,0.070032
12397,7,28,45,3,1,25,12,0,1,0,1,1,1,0,1771,0,0,0,1,0,0,0,0,0,947.65,7.48,1323.8,1057.17,3336.1,1.88,3136441,0.269105,7.4793,625,784,9.42521,0.085276,0.077045
18500,7.95,18,34,3,1,15,18,0,1,0,1,1,0,1,2327.5,0,0,0,1,0,0,0,0,0,1075.51,252.53,906.55,1426.42,3661.01,1.57,5417256,0.197892,7.75255,225,324,9.825526,0.077104,0.071786
5040,3,16,16,0,0,0.5,10,0,1,0,1,1,0,0,1680,0,0,0,0,1,0,0,0,0,0,0,0,0,0,0,2822400,0,7.426549,0.25,256,8.525162,0,0
9879.99,4.94,11,28,0,0,8,12,0,1,0,0,1,1,1,2000,0,0,0,0,1,0,0,0,0,314.25,0,587.65,316.85,1218.75,0.61,4000000,0.123355,7.600903,64,121,9.198267,0.03207,0.031807
15000,8,7,25,0,1,8,12,1,0,0,1,1,1,1,1875,0,0,0,0,1,0,0,0,0,1046.17,302.78,844.68,1416.82,3610.45,1.93,3515625,0.240697,7.536364,64,49,9.615806,0.094455,0.08993
16000,7.41,26,42,3,1,15,12,0,0,1,1,1,0,1,2160,0,0,0,0,1,0,0,0,0,1046.17,302.78,844.68,1416.82,3610.45,1.67,4665600,0.225653,7.677864,225,676,9.680344,0.088551,0.084309
11016,5.1,17,33,0,0,15,12,0,0,1,0,1,1,1,2160,0,0,0,0,1,0,0,0,0,589.33,249.13,784.31,1121.91,2744.68,1.27,4665600,0.249154,7.677864,225,289,9.307104,0.101844,0.076113
20500,9.3,12,32,1,1,2,16,1,0,0,1,1,0,1,2205,0,0,0,0,1,0,0,0,0,1295.15,436.45,1002.57,2045.84,4780.01,2.17,4862025,0.233171,7.698483,4,144,9.92818,0.099797,0.084468
3298.68,2.31,1,19,0,0,0.5,13,1,0,0,0,1,0,0,1428,0,0,0,0,0,1,0,0,0,0,0,85,0,85,0.06,2039184,0.025768,7.26403,0.25,1,8.101277,0,0
4400,2.75,4,20,0,0,0.5,12,0,0,0,1,1,0,0,1600,0,0,0,0,0,1,0,0,0,0,0,0,0,0,0,2560000,0,7.377759,0.25,16,8.389359,0,0
18216,7.2,22,38,2,1,15,13,1,0,0,1,1,0,0,2530,0,0,0,0,0,1,0,0,0,571.73,131.03,713.57,607.17,2023.5,0.8,6400900,0.111084,7.835975,225,484,9.810056,0.033332,0.038579
7500,3.26,5,21,0,1,2,13,0,0,0,0,1,1,1,2304,0,0,0,0,0,1,0,0,0,268.55,69.75,318.79,419.68,1076.77,0.47,5308416,0.143569,7.742402,4,25,8.922658,0.055957,0.045107
4811.85,2.55,2,43,2,1,0.5,12,0,1,0,0,1,0,1,1887,0,0,0,0,0,1,0,0,0,0,0,0,0,0,0,3560769,0,7.542744,0.25,4,8.478837,0,0
8500,4.63,35,55,0,0,15,12,0,1,0,0,1,0,1,1837.5,0,0,0,0,0,1,0,0,0,385.47,131.89,403.1,595.53,1515.99,0.83,3376406,0.178352,7.516161,225,1225,9.047821,0.070062,0.060866
9450,4.72,6,22,0,0,0.5,13,1,0,0,1,1,0,1,2000,0,0,0,0,0,1,0,0,0,403.17,121.44,490.63,8.73,1023.97,0.51,4000000,0.108357,7.600903,0.25,36,9.15377,0.000924,0.055514
15000,3.75,5,20,0,0,2,13,1,0,0,1,1,0,1,4000,0,0,0,0,0,1,0,0,0,617.62,0,312.92,0,930.54,0.23,16000000,0.062036,8.294049,4,25,9.615806,0,0.041175
5880,3,47,63,4,1,8,6,0,0,1,0,0,0,0,1960,0,0,0,0,0,0,1,0,0,320.51,129.32,204.95,0,654.78,0.33,3841600,0.111357,7.5807,64,2209,8.679312,0,0.076502
5625,3,2,18,0,0,0.5,12,1,0,0,0,1,0,1,1875,0,0,0,0,0,0,1,0,0,358.75,134.87,304.36,503.2,1301.18,0.69,3515625,0.231321,7.536364,0.25,4,8.634976,0.089458,0.087755
7711.84,4.2,21,40,3,1,4,12,0,0,1,0,1,0,1,1837.5,0,0,0,0,0,0,1,0,0,358.75,134.87,304.36,503.2,1301.18,0.71,3376406,0.168725,7.516161,16,441,8.950512,0.06525,0.064008
10118.5,5.74,5,59,0,0,4,10,1,0,0,0,1,0,1,1764,0,0,0,0,0,0,1,0,0,454.04,184.39,453.1,739.59,1831.12,1.04,3111696,0.180968,7.475339,16,25,9.22212,0.073093,0.063095
13569.2,6.92,38,54,2,0,15,12,1,0,0,1,0,0,1,1960,0,0,0,0,0,0,1,0,0,868.77,404.34,673.74,1297.44,3244.29,1.66,3841600,0.239092,7.5807,225,1444,9.515558,0.095616,0.093824
6426,3.36,6,25,3,1,2,10,0,1,0,1,1,0,0,1912.5,0,0,0,0,0,0,0,1,0,118.88,59.65,0,0,178.53,0.09,3657656,0.027782,7.556167,4,36,8.768107,0,0.027782
6500,2.5,15,37,3,1,2,10,0,0,1,0,1,0,0,2600,0,0,0,0,0,0,0,1,0,133.18,0,297.14,109.32,539.64,0.21,6760000,0.083021,7.863267,4,225,8.779557,0.016819,0.020489
8400,4.86,25,54,0,1,15,13,0,0,1,0,1,0,1,1728,0,0,0,0,0,0,0,1,0,412.37,120.24,406.41,626.16,1565.18,0.91,2985984,0.186331,7.45472,225,625,9.035987,0.074543,0.063406
12000,3.85,34,50,1,1,4,12,0,1,0,0,1,0,1,3120,0,0,0,0,0,0,0,1,0,412.37,120.24,406.41,626.16,1565.18,0.5,9734400,0.130432,8.045588,16,1156,9.392662,0.05218,0.044384
9250,3.52,27,43,3,1,8,12,0,0,1,1,1,0,1,2625,0,0,0,0,0,0,0,1,0,395.18,4.15,427.47,0,826.8,0.31,6890625,0.089384,7.872836,64,729,9.132379,0,0.043171
119000,85,60,62,0,1,2,12,0,0,1,1,1,0,1,1400,0,0,0,0,0,0,0,1,0,0,0,132,0,132,0.09,1960000,0.001109,7.244227,4,3600,11.68688,0,0
4126.15,2.58,6,24,2,1,0.5,12,0,0,1,0,1,0,0,1600,0,0,0,0,0,0,0,0,1,248.5,100.13,164.52,236.58,749.73,0.47,2560000,0.181702,7.377759,0.25,36,8.3251,0.057337,0.084493
6143.99,3.2,5,26,0,0,2,12,0,0,0,0,1,1,0,1920,0,0,0,0,0,0,0,0,1,175.85,105.07,225.46,0,506.38,0.26,3686400,0.082419,7.560081,4,25,8.723229,0,0.045723
4415.99,2.3,3,24,0,0,0.5,13,0,0,1,0,0,0,0,1920,0,0,0,0,0,0,0,0,1,0,0,0,0,0,0,3686400,0,7.560081,0.25,9,8.392987,0,0
9600,4,5,22,0,0,0.5,13,0,0,1,1,1,0,0,2400,0,0,0,0,0,0,0,0,1,439.5,204.08,451.04,504.28,1598.9,0.67,5760000,0.166552,7.783224,0.25,25,9.169518,0.052529,0.06704
6762,3.45,3,19,0,0,0.5,13,0,1,0,1,1,0,1,1960,0,0,0,0,0,0,0,0,1,373.29,115.07,248.13,301.49,1037.98,0.53,3841600,0.153502,7.5807,0.25,9,8.819074,0.044586,0.072221
11025,5.63,40,57,0,0,15,10,1,0,0,0,0,1,1,1960,0,0,0,0,0,0,0,0,1,539.77,245.4,347.78,506.58,1639.53,0.84,3841600,0.14871,7.5807,225,1600,9.30792,0.045948,0.071217
9692.3,5.05,5,30,2,0,0.5,14,0,0,1,0,1,0,1,1920,0,0,0,0,0,0,0,0,1,283,106.5,300.33,584.5,1274.33,0.66,3686400,0.131479,7.560081,0.25,25,9.179087,0.060306,0.040186
10176.9,5.19,15,50,1,1,8,13,0,1,0,0,1,0,1,1960,0,0,0,0,0,0,0,0,1,283,106.5,300.33,584.5,1274.33,0.65,3841600,0.125218,7.5807,64,225,9.227876,0.057434,0.038273
8014.99,4.58,20,36,2,0,0.5,14,0,0,0,0,0,0,1,1750,0,0,0,0,0,0,0,0,1,794,84,290,353,1521,0.87,3062500,0.189769,7.467371,0.25,400,8.989069,0.044042,0.109545
9180,4.5,11,35,0,1,0.5,13,0,0,0,0,1,0,1,2040,0,0,0,0,0,0,0,0,1,543.74,0,664.83,656.91,1865.48,0.91,4161600,0.203211,7.620705,0.25,121,9.124783,0.071559,0.059231
15000,7.44,23,51,0,1,25,16,0,0,1,0,1,0,1,2016,0,0,0,0,0,0,0,0,1,930.47,312.32,653.72,1264.68,3161.19,1.57,4064256,0.210746,7.608871,625,529,9.615806,0.084312,0.082853
39000,19.12,11,37,2,1,2,18,1,0,0,1,0,0,1,2040,0,0,0,0,0,0,0,0,1,740.68,277.55,158.25,2346.35,3522.83,1.73,4161600,0.090329,7.620705,4,121,10.57132,0.060163,0.026108
9707.99,4.67,13,44,1,0,4,6,0,0,0,0,1,1,0,2080,0,0,0,0,0,0,0,0,1,490.99,237.99,443.06,390.3,1562.34,0.75,4326400,0.160933,7.640123,16,169,9.180704,0.040204,0.075091
7680,4,9,31,1,1,8,10,0,0,1,1,1,1,0,1920,0,1,0,0,0,0,0,0,0,195,39,451.2,400,1085.2,0.57,3686400,0.141302,7.560081,64,81,8.946375,0.052083,0.030469
15504,7.6,40,62,0,0,2,8,0,1,0,1,1,1,0,2040,0,1,0,0,0,0,0,0,0,0,0,819.9,888.49,1708.39,0.84,4161600,0.11019,7.620705,4,1600,9.648853,0.057307,0
6935.99,3.4,6,23,0,1,2,12,0,0,0,0,1,0,0,2040,0,0,1,0,0,0,0,0,0,281.69,1.17,386.5,296.51,965.87,0.47,4161600,0.139255,7.620705,4,36,8.84448,0.04275,0.040781
7046.15,3.14,4,25,0,1,0.5,14,0,0,1,1,1,0,0,2244,0,0,1,0,0,0,0,0,0,276.02,0,428.95,0,704.97,0.31,5035536,0.10005,7.716015,0.25,16,8.860236,0,0.039173
9562.5,5,45,61,0,1,25,10,1,0,0,1,1,0,1,1912.5,0,0,1,0,0,0,0,0,0,642.34,0,415.94,667.17,1725.45,0.9,3657656,0.180439,7.556167,625,2025,9.165605,0.069769,0.067173
4991.99,2.4,10,56,0,0,2,6,0,0,1,0,1,0,0,2080,0,0,0,1,0,0,0,0,0,178.55,1.69,176.21,0,356.45,0.17,4326400,0.071404,7.640123,4,100,8.51559,0,0.036106
5040,3,23,58,0,1,25,8,0,0,1,0,1,1,0,1680,0,0,0,1,0,0,0,0,0,342.77,58.82,354.3,287.17,1043.06,0.62,2822400,0.206956,7.426549,625,529,8.525162,0.056978,0.079681
2880,3,1,18,0,0,0.5,12,1,0,0,1,1,0,0,960,0,0,0,0,1,0,0,0,0,0,0,0,0,0,0,921600,0,6.866933,0.25,1,7.965546,0,0
1150,1.15,9,47,0,1,2,12,1,0,0,0,1,0,0,1000,0,0,0,0,0,1,0,0,0,0,0,0,0,0,0,1000000,0,6.907755,4,81,7.047517,0,0
3456,2.7,1,23,0,0,2,16,0,0,0,0,1,0,1,1280,0,0,0,0,0,1,0,0,0,144,0,28,0,172,0.13,1638400,0.049769,7.154615,4,1,8.147867,0,0.041667
1614.6,2.3,37,23,0,0,0.5,12,1,0,0,1,1,0,1,702,0,0,0,0,0,1,0,0,0,0,0,0,0,0,0,492804,0,6.553934,0.25,1369,7.386843,0,0
8313,3.84,26,53,0,1,25,8,0,1,0,1,1,0,0,2167.5,0,0,0,0,0,1,0,0,0,294.57,0,62.59,0,357.16,0.16,4698056,0.042964,7.68133,625,676,9.025576,0,0.035435
13230,4.9,3,19,0,0,2,12,1,0,0,1,1,0,0,2700,0,0,0,0,0,1,0,0,0,546.7,0,747.16,964.91,2258.77,0.84,7290000,0.170731,7.901007,4,9,9.490242,0.072933,0.041323
2611.2,1.7,7,24,0,1,4,12,0,0,1,0,1,1,0,1536,0,0,0,0,0,1,0,0,0,78.46,10.44,62.2,93.5,244.6,0.16,2359296,0.093673,7.336937,16,49,7.867565,0.035807,0.034046
3796,1.49,25,52,0,0,15,12,0,0,1,0,0,0,0,2548,0,0,0,0,0,0,0,1,0,0,0,0,0,0,0,6492304,0,7.843064,225,625,8.241703,0,0
4799.99,1.03,45,58,7,1,2,6,0,0,0,1,1,0,1,4680,0,0,0,0,0,0,0,1,0,0,0,0,0,0,0,21900000,0,8.451054,4,2025,8.476369,0,0
8745.76,4.89,3,24,0,0,0.5,13,0,0,0,1,1,1,1,1788.5,0,0,0,0,0,0,0,1,0,412.37,120.24,406.41,626.16,1565.18,0.88,3198732,0.178964,7.489132,0.25,9,9.076324,0.071596,0.060899
1820.54,1.86,12,49,0,1,0.5,12,0,1,0,0,1,0,1,980,0,0,0,0,0,0,0,0,1,0,0,0,0,0,0,960400,0,6.887553,0.25,144,7.506888,0,0
8820,4.5,8,31,2,0,2,13,0,0,0,0,1,0,0,1960,0,0,0,0,0,0,0,0,1,570.5,207.3,141.6,206.89,1126.29,0.57,3841600,0.127697,7.5807,4,64,9.084777,0.023457,0.088186
5000,2.5,6,35,4,1,0.5,13,0,0,1,0,1,0,1,2000,0,0,0,0,0,0,0,0,1,373.29,115.07,248.13,301.49,1037.98,0.52,4000000,0.207596,7.600903,0.25,36,8.517193,0.060298,0.097672
7680,4.32,16,32,0,1,15,12,0,0,1,0,1,0,1,1776,0,0,0,0,0,0,0,0,1,463.1,129.17,195.3,438.58,1226.15,0.69,3154176,0.159655,7.482119,225,256,8.946375,0.057107,0.077119
8500,3.94,2,22,0,1,0.5,16,0,1,0,0,1,0,1,2160,1,0,0,0,0,0,0,0,0,649,288.21,342.49,587,1866.7,0.86,4665600,0.219612,7.677864,0.25,4,9.047821,0.069059,0.11026
6487.2,2.65,7,23,0,0,0.5,10,0,0,1,1,1,0,0,2448,0,1,0,0,0,0,0,0,0,0,0,0,0,0,0,5992704,0,7.803027,0.25,49,8.777586,0,0
9543.6,7.23,3,19,0,0,0.5,12,0,1,0,1,1,1,0,1320,0,1,0,0,0,0,0,0,0,0,0,0,0,0,0,1742400,0,7.185387,0.25,9,9.163626,0,0
15680,8,6,22,0,1,4,13,1,0,0,1,1,1,0,1960,0,1,0,0,0,0,0,0,0,485.11,155.11,1300.4,1286.3,3226.92,1.65,3841600,0.205798,7.5807,16,36,9.660141,0.082034,0.04083
20325.2,10.37,29,46,2,1,15,12,0,1,0,1,1,1,0,1960,0,1,0,0,0,0,0,0,0,149.99,0,1153.97,1394.1,2698.06,1.38,3841600,0.132745,7.5807,225,841,9.919617,0.06859,0.007379
17340,4.25,8,26,0,1,2,12,0,0,1,1,1,0,0,4080,0,1,0,0,0,0,0,0,0,0,0,1311.69,1963.75,3275.44,0.8,16600000,0.188895,8.313852,4,64,9.760771,0.11325,0
14000,7,15,31,2,1,2,12,0,1,0,1,1,0,0,2000,0,1,0,0,0,0,0,0,0,425.85,0,431.63,0,857.48,0.43,4000000,0.061249,7.600903,4,225,9.546813,0,0.030418
14000,7,36,56,0,1,25,8,0,0,1,1,1,0,0,2000,0,1,0,0,0,0,0,0,0,425.85,0,431.63,0,857.48,0.43,4000000,0.061249,7.600903,625,1296,9.546813,0,0.030418
20000,10,11,27,2,1,0.5,12,0,0,0,1,1,0,0,2000,0,1,0,0,0,0,0,0,0,139.56,0,356.26,0,495.82,0.25,4000000,0.024791,7.600903,0.25,121,9.903487,0,0.006978
17952,8.5,30,46,1,1,2,10,1,0,0,1,1,1,0,2112,0,1,0,0,0,0,0,0,0,0,0,819.9,888.49,1708.39,0.81,4460544,0.095164,7.655391,4,900,9.795457,0.049493,0
19894,10.15,8,24,2,1,8,12,0,0,1,1,1,1,0,1960,0,1,0,0,0,0,0,0,0,0,0,819.9,888.49,1708.39,0.87,3841600,0.085875,7.5807,64,64,9.898173,0.044661,0
27499.5,8.33,20,36,2,1,8,16,0,0,1,1,1,0,1,3300,0,1,0,0,0,0,0,0,0,995.69,408.11,917.51,1452.01,3773.32,1.14,10900000,0.137214,8.101678,64,400,10.22192,0.052801,0.051048
13569.2,7.07,43,59,1,1,25,10,0,0,1,1,1,0,1,1920,0,1,0,0,0,0,0,0,0,995.69,408.11,917.51,1452.01,3773.32,1.97,3686400,0.27808,7.560081,625,1849,9.515558,0.107008,0.103455
7613.99,4.23,23,39,2,0,25,12,1,0,0,0,1,1,0,1800,0,0,1,0,0,0,0,0,0,281.69,1.17,386.5,296.51,965.87,0.54,3240000,0.126855,7.495542,625,529,8.937742,0.038943,0.03715
5292.99,2.68,15,37,2,1,8,12,1,0,0,0,1,1,0,1975,0,0,1,0,0,0,0,0,0,281.69,1.17,386.5,296.51,965.87,0.49,3900625,0.182481,7.588324,64,225,8.574139,0.056019,0.053441
9015.99,4.6,35,55,4,1,2,10,0,0,1,1,0,0,0,1960,0,0,1,0,0,0,0,0,0,436.85,103.37,670.67,424.93,1635.82,0.83,3841600,0.181435,7.5807,4,1225,9.106755,0.047131,0.059918
10150,5.8,3,19,1,0,0.5,12,0,1,0,1,1,1,0,1750,0,0,1,0,0,0,0,0,0,453.63,1.45,568.03,421.65,1444.76,0.83,3062500,0.142341,7.467371,0.25,9,9.225229,0.041542,0.044836
8199.99,4.1,14,30,2,1,8,10,0,0,1,1,0,1,0,2000,0,0,1,0,0,0,0,0,0,453.63,1.45,568.03,421.65,1444.76,0.72,4000000,0.17619,7.600903,64,196,9.011889,0.051421,0.055498
10662.4,5.44,14,30,3,1,8,12,0,1,0,0,1,1,0,1960,0,0,1,0,0,0,0,0,0,453.63,1.45,568.03,421.65,1444.76,0.74,3841600,0.1355,7.5807,64,196,9.274479,0.039545,0.042681
11566.8,5.67,9,25,0,1,2,13,0,0,0,1,1,0,0,2040,0,0,1,0,0,0,0,0,0,357.28,0,500.18,0,857.46,0.42,4161600,0.074131,7.620705,4,81,9.355894,0,0.030888
22499,8.93,42,58,0,1,25,8,0,1,0,1,1,0,0,2520,0,0,1,0,0,0,0,0,0,674.78,145.13,874.29,797.09,2491.29,0.99,6350400,0.110729,7.832014,625,1764,10.02123,0.035428,0.036442
12054,4.92,29,45,1,1,2,12,0,1,0,1,1,1,0,2450,0,0,1,0,0,0,0,0,0,266.65,0,668.42,0,935.0699,0.38,6002500,0.077573,7.803843,4,841,9.397152,0,0.022121
14803.2,7.71,15,32,3,1,15,13,1,0,0,1,1,1,1,1920,0,0,1,0,0,0,0,0,0,905.65,219.82,998.97,1230.22,3354.66,1.75,3686400,0.226617,7.560081,225,225,9.602598,0.083105,0.076029
20000,5.83,35,52,0,1,15,13,0,0,1,1,1,0,1,3430,0,0,1,0,0,0,0,0,0,905.65,219.82,998.97,1230.22,3354.66,0.98,11800000,0.167733,8.140316,225,1225,9.903487,0.061511,0.056273
13062.5,4.75,35,53,2,1,15,6,0,0,1,1,1,0,1,2750,0,0,1,0,0,0,0,0,0,905.65,219.82,998.97,1230.22,3354.66,1.22,7562500,0.256816,7.919356,225,1225,9.477501,0.094179,0.08616
6884.99,3.6,3,19,0,0,0.5,12,1,0,0,1,1,1,0,1912.5,0,0,1,0,0,0,0,0,0,355.33,104.64,466.88,409.34,1336.19,0.7,3657656,0.194073,7.556167,0.25,9,8.837099,0.059454,0.066808
6099.99,3.05,1,18,0,0,0.5,10,1,0,0,1,1,0,0,2000,0,0,1,0,0,0,0,0,0,355.33,104.64,466.88,409.34,1336.19,0.67,4000000,0.219048,7.600903,0.25,1,8.716043,0.067105,0.075405
6840.39,3.49,44,60,0,1,15,8,1,0,0,1,1,1,0,1960,0,0,1,0,0,0,0,0,0,286.78,0,414.81,323.79,1025.38,0.52,3841600,0.149901,7.5807,225,1936,8.8306,0.047335,0.041925
5126.39,2.67,1,33,2,1,0.5,8,0,0,1,0,1,0,0,1920,0,0,1,0,0,0,0,0,0,286.78,0,414.81,323.79,1025.38,0.53,3686400,0.20002,7.560081,0.25,1,8.542157,0.063161,0.055942
10995.6,5.61,19,37,2,1,8,12,0,0,1,1,1,1,0,1960,0,0,1,0,0,0,0,0,0,625.48,137.28,838.91,729.71,2331.38,1.19,3841600,0.212028,7.5807,64,361,9.30525,0.066364,0.06937
9870,5.25,34,52,2,1,25,6,1,0,0,1,1,1,0,1880,0,0,1,0,0,0,0,0,0,622.49,13.48,750.75,606.38,1993.1,1.06,3534400,0.201935,7.539027,625,1156,9.197255,0.061437,0.064435
9715.2,5.06,23,39,1,1,25,10,0,1,0,0,1,1,0,1920,0,0,1,0,0,0,0,0,0,622.49,13.48,750.75,606.38,1993.1,1.04,3686400,0.205153,7.560081,625,529,9.181447,0.062416,0.065461
15540,7.77,28,44,3,1,8,12,0,1,0,1,1,1,0,2000,0,0,1,0,0,0,0,0,0,898.55,203.74,1332.61,1235.02,3669.92,1.83,4000000,0.23616,7.600903,64,784,9.651173,0.079474,0.070932
28210,7.28,18,36,2,0,15,12,0,1,0,1,1,1,0,3875,0,0,1,0,0,0,0,0,0,898.55,203.74,1332.61,1235.02,3669.92,0.95,15000000,0.130093,8.2623,225,324,10.24743,0.043779,0.039074
23040,10,17,34,5,1,15,13,0,1,0,1,1,1,0,2304,0,0,1,0,0,0,0,0,0,898.55,203.74,1332.61,1235.02,3669.92,1.59,5308416,0.159285,7.742402,225,289,10.04499,0.053603,0.047842
17168.6,7.59,38,53,0,1,25,14,0,0,1,1,1,1,0,2262,0,0,1,0,0,0,0,0,0,898.55,203.74,1332.61,1235.02,3669.92,1.62,5116644,0.213758,7.724005,625,1444,9.750837,0.071935,0.064204
18871.4,7.17,35,56,0,1,25,8,0,1,0,0,1,1,0,2632,0,0,1,0,0,0,0,0,0,1243.95,0,1668.54,1637.75,4550.24,1.73,6927424,0.241118,7.875499,625,1225,9.845403,0.086785,0.065917
15931.1,7.65,35,56,0,1,4,12,0,0,1,1,1,1,0,2082.5,0,0,1,0,0,0,0,0,0,1243.95,0,1668.54,1637.75,4550.24,2.18,4336806,0.28562,7.641325,16,1225,9.676028,0.102802,0.078083
7037.99,3.45,2,25,2,1,0.5,10,0,0,1,0,1,0,0,2040,0,0,0,1,0,0,0,0,0,260.37,58.25,433.53,255.73,1007.88,0.49,4161600,0.143206,7.620705,0.25,4,8.859077,0.036336,0.045271
4415.99,2.3,27,49,1,1,0.5,10,0,0,1,0,1,0,0,1920,0,0,0,1,0,0,0,0,0,177.81,0,150.63,148.75,477.19,0.25,3686400,0.10806,7.560081,0.25,729,8.392987,0.033684,0.040265
7787.49,4.45,21,37,2,0,8,10,1,0,0,0,1,1,0,1750,0,0,0,1,0,0,0,0,0,112.52,0,116.56,65.03,294.11,0.17,3062500,0.037767,7.467371,64,441,8.960274,0.008351,0.014449
4899.99,2.45,20,58,0,1,8,13,0,0,1,0,1,0,0,2000,0,0,0,1,0,0,0,0,0,236.04,0,83.06,0,319.1,0.16,4000000,0.065123,7.600903,64,400,8.496988,0,0.048171
4599.99,2.3,25,48,0,1,2,8,0,0,1,0,1,0,0,2000,0,0,0,1,0,0,0,0,0,138.91,0,198.05,0,336.96,0.17,4000000,0.073252,7.600903,4,625,8.433809,0,0.030198
13500,5,9,25,0,0,2,13,0,1,0,1,1,0,0,2700,0,0,0,1,0,0,0,0,0,857.53,203.9,853.38,1055.12,2969.93,1.1,7290000,0.219995,7.901007,4,81,9.510445,0.078157,0.078624
15000,6.94,42,60,0,1,25,12,0,0,1,1,1,0,0,2160,0,0,0,1,0,0,0,0,0,857.53,203.9,853.38,1055.12,2969.93,1.37,4665600,0.197995,7.677864,625,1764,9.615806,0.070341,0.070762
16000,5.82,28,43,4,1,8,12,1,0,0,1,1,0,0,2750,0,0,0,1,0,0,0,0,0,562.36,220.92,729.7,0,1512.98,0.55,7562500,0.094561,7.919356,64,784,9.680344,0,0.048955
41600,14.55,17,33,0,0,0.5,18,1,0,0,1,1,0,1,2860,0,0,0,1,0,0,0,0,0,726.34,151.75,659.61,0,1537.7,0.54,8179600,0.036964,7.958577,0.25,289,10.63586,0,0.021108
6559.99,3.28,19,48,0,0,15,8,0,1,0,0,1,1,0,2000,0,0,0,1,0,0,0,0,0,342.77,58.82,354.3,287.17,1043.06,0.52,4000000,0.159003,7.600903,225,361,8.788744,0.043776,0.061218
9192.39,4.69,12,29,2,1,15,12,0,0,1,0,0,0,0,1960,0,0,0,1,0,0,0,0,0,634.56,5.56,801.78,619.17,2061.07,1.05,3841600,0.224215,7.5807,225,144,9.126131,0.067357,0.069636
17680,6.8,18,34,2,1,2,12,0,0,1,1,1,1,0,2600,0,0,0,1,0,0,0,0,0,947.65,7.48,1323.8,1057.17,3336.1,1.28,6760000,0.188693,7.863267,4,324,9.78019,0.059795,0.054023
50000,20.41,44,60,1,1,8,16,0,0,0,1,1,0,1,2450,0,0,0,1,0,0,0,0,0,1075.51,252.53,906.55,1426.42,3661.01,1.49,6002500,0.07322,7.803843,64,1936,10.81978,0.028528,0.026561
1980,2.75,4,20,0,0,2,12,0,1,0,1,0,0,0,720,0,0,0,0,1,0,0,0,0,0,0,0,0,0,0,518400,0,6.579251,4,16,7.590852,0,0
9870,5.25,39,56,0,1,25,16,1,0,0,1,0,0,0,1880,0,0,0,0,1,0,0,0,0,510.28,160.83,665.81,854.68,2191.6,1.17,3534400,0.222047,7.539027,625,1521,9.197255,0.086594,0.067995
15360,8,15,31,2,1,15,13,0,0,1,1,1,1,0,1920,0,0,0,0,1,0,0,0,0,946.48,316.73,818.39,1555.59,3637.19,1.89,3686400,0.236796,7.560081,225,225,9.639522,0.101275,0.08224
14670.7,8.49,28,46,0,1,15,14,0,0,0,1,1,1,0,1728,0,0,0,0,1,0,0,0,0,563.68,161.47,684,0,1409.15,0.82,2985984,0.096052,7.45472,225,784,9.593608,0,0.049429
16699.2,8.52,18,34,6,1,4,10,0,0,1,1,1,1,0,1960,0,0,0,0,1,0,0,0,0,731.34,0,1262.88,1503.07,3497.29,1.78,3841600,0.209429,7.5807,16,324,9.723116,0.090009,0.043795
10904,5.8,34,50,0,1,25,12,0,1,0,0,1,1,1,1880,0,0,0,0,1,0,0,0,0,518.53,226.65,523.07,686.01,1954.26,1.04,3534400,0.179224,7.539027,625,1156,9.296885,0.062914,0.06834
10731,5.47,9,27,0,0,8,12,0,0,1,0,1,1,1,1960,0,0,0,0,1,0,0,0,0,518.53,226.65,523.07,686.01,1954.26,1,3841600,0.182114,7.5807,64,81,9.280892,0.063928,0.069442
11850,5.93,12,30,1,0,2,12,0,0,0,0,1,1,1,2000,0,0,0,0,1,0,0,0,0,314.25,0,587.65,316.85,1218.75,0.61,4000000,0.102848,7.600903,4,144,9.380083,0.026738,0.026519
18000,10.29,13,29,0,0,4,13,0,0,0,1,1,0,1,1750,0,0,0,0,1,0,0,0,0,1046.17,302.78,844.68,1416.82,3610.45,2.06,3062500,0.200581,7.467371,16,169,9.798127,0.078712,0.074942
12293.1,4.48,33,52,0,1,25,8,1,0,0,1,1,1,1,2744,0,0,0,0,1,0,0,0,0,754.99,0,723.53,1279.59,2758.11,1.01,7529536,0.224362,7.917172,625,1089,9.416794,0.10409,0.061416
11616,6.05,20,41,1,1,15,13,0,0,0,0,1,1,1,1920,0,0,0,0,1,0,0,0,0,589.33,249.13,784.31,1121.91,2744.68,1.43,3686400,0.236284,7.560081,225,400,9.360139,0.096583,0.072181
32000,10.88,26,46,3,1,25,14,1,0,0,1,1,0,1,2940,0,0,0,0,1,0,0,0,0,1295.15,436.45,1002.57,2045.84,4780.01,1.63,8643600,0.149375,7.986165,625,676,10.37349,0.063933,0.054113
1860,1.2,31,50,0,1,2,8,0,0,1,0,1,0,0,1550,0,0,0,0,0,1,0,0,0,42.71,0,0,0,42.71,0.03,2402500,0.022962,7.34601,4,961,7.528332,0,0.022962
3166.8,2.9,0,17,0,0,0.5,10,0,0,1,1,1,0,0,1092,0,0,0,0,0,1,0,0,0,0,0,0,0,0,0,1192464,0,6.995766,0.25,0,8.060477,0,0
2550,2.5,0,23,2,1,0.5,12,0,0,0,0,1,0,1,1020,0,0,0,0,0,1,0,0,0,114,0,0,0,114,0.11,1040400,0.044706,6.927558,0.25,0,7.843849,0,0.044706
717.6,1.15,27,42,3,1,25,12,0,0,1,0,1,0,1,624,0,0,0,0,0,1,0,0,0,0,0,0,0,0,0,389376,0,6.436151,625,729,6.575912,0,0
2500,2.5,1,18,0,0,0.5,12,0,0,0,0,1,0,1,1000,0,0,0,0,0,1,0,0,0,0,0,0,0,0,0,1000000,0,6.907755,0.25,1,7.824046,0,0
4060.87,2.45,1,18,0,0,0.5,10,0,0,1,0,1,0,1,1657.5,0,0,0,0,0,1,0,0,0,357,13.6,221,126.2,717.8,0.43,2747306,0.17676,7.413066,0.25,1,8.309153,0.031077,0.091261
7650,2.73,21,37,4,1,8,10,0,0,1,1,0,0,0,2805,0,0,0,0,0,1,0,0,0,180.94,51.84,215.74,0,448.52,0.16,7868025,0.05863,7.939159,64,441,8.942461,0,0.030429
5507.99,2.7,6,25,3,1,0.5,8,0,0,1,1,0,0,0,2040,0,0,0,0,0,1,0,0,0,432,59.75,251.75,0,743.5,0.36,4161600,0.134986,7.620705,0.25,36,8.613955,0,0.089279
5250,2.5,1,18,0,0,2,12,0,1,0,0,1,0,0,2100,0,0,0,0,0,1,0,0,0,154.52,0,16.28,0,170.8,0.08,4410000,0.032533,7.649693,4,1,8.565984,0,0.029432
5100,2,5,28,3,0,0.5,12,0,1,0,0,1,0,0,2550,0,0,0,0,0,1,0,0,0,0,0,0,0,0,0,6502500,0,7.843849,0.25,25,8.536996,0,0
8532.69,3.22,38,54,0,0,0.5,10,0,0,1,1,1,0,0,2652,0,0,0,0,0,1,0,0,0,348.11,122.81,514.22,421.82,1406.96,0.53,7033104,0.16489,7.88307,0.25,1444,9.05166,0.049436,0.05519
11550,5.5,19,35,3,1,2,12,0,0,1,0,0,0,0,2100,0,0,0,0,0,1,0,0,0,304.53,125.18,466.49,0,896.2,0.43,4410000,0.077593,7.649693,4,361,9.354441,0,0.037204
8250,3.59,26,42,0,0,0.5,10,0,0,1,1,1,0,0,2300,0,0,0,0,0,1,0,0,0,373.78,0,544.96,0,918.74,0.4,5290000,0.111362,7.740664,0.25,676,9.017968,0,0.045307
8746.5,3.5,32,51,3,1,0.5,12,0,1,0,1,1,0,0,2499,0,0,0,0,0,1,0,0,0,0,0,0,0,0,0,6245001,0,7.823646,0.25,1024,9.076409,0,0
16000,8,17,33,3,1,4,13,0,0,1,1,1,0,0,2000,0,0,0,0,0,1,0,0,0,571.73,131.03,713.57,607.17,2023.5,1.01,4000000,0.126469,7.600903,16,289,9.680344,0.037948,0.043923
100000,44.44,40,56,0,1,0.5,12,0,0,1,1,1,0,0,2250,0,0,0,0,0,1,0,0,0,453.17,89.13,781.67,654.67,1978.64,0.88,5062500,0.019786,7.718686,0.25,1600,11.51293,0.006547,0.005423
13770,5,25,41,2,1,0.5,12,0,0,1,1,1,0,0,2754,0,0,0,0,0,1,0,0,0,306.6,134.03,607.99,0,1048.62,0.38,7584516,0.076152,7.92081,0.25,625,9.530248,0,0.031999
12695.8,6.87,8,24,0,1,4,13,0,0,0,1,1,1,0,1848,0,0,0,0,0,1,0,0,0,546.7,0,747.16,964.91,2258.77,1.22,3415104,0.177915,7.521859,16,64,9.449026,0.076002,0.043062
6663.99,3.4,4,22,0,0,2,12,0,0,1,0,1,0,1,1960,0,0,0,0,0,1,0,0,0,270.85,0,395.27,314.45,980.57,0.5,3841600,0.147145,7.5807,4,16,8.804474,0.047186,0.040644
6500,3.25,5,22,0,0,0.5,14,0,0,1,0,1,0,1,2000,0,0,0,0,0,1,0,0,0,190.46,0,311.83,0,502.29,0.25,4000000,0.077275,7.600903,0.25,25,8.779557,0,0.029302
5599.99,2.8,7,30,2,1,2,12,0,1,0,0,1,0,1,2000,0,0,0,0,0,1,0,0,0,0,0,0,0,0,0,4000000,0,7.600903,4,49,8.63052,0,0
5200,2.5,4,25,1,0,0.5,12,0,0,0,0,1,0,1,2080,0,0,0,0,0,1,0,0,0,0,0,0,0,0,0,4326400,0,7.640123,0.25,16,8.556414,0,0
9646,4.95,44,64,0,1,15,13,0,0,1,0,1,0,1,1950,0,0,0,0,0,1,0,0,0,385.47,131.89,403.1,595.53,1515.99,0.78,3802500,0.157163,7.575585,225,1936,9.174298,0.061739,0.053635
12000,5.33,38,58,1,1,2,13,0,0,1,1,1,0,1,2250,0,0,0,0,0,1,0,0,0,385.47,131.89,403.1,595.53,1515.99,0.67,5062500,0.126332,7.718686,4,1444,9.392662,0.049627,0.043113
9690,3.17,24,49,0,0,2,12,0,0,1,0,1,0,1,3060,0,0,0,0,0,1,0,0,0,445.44,113.17,67.3,0,625.91,0.2,9363600,0.064593,8.02617,4,576,9.17885,0,0.057648
16061.5,6.69,18,34,3,1,15,13,0,0,0,1,1,0,1,2400,0,0,0,0,0,1,0,0,0,737.12,229.58,624.67,813.94,2405.31,1,5760000,0.149756,7.783224,225,324,9.68418,0.050676,0.060187
15000,5,42,59,0,1,2,13,1,0,0,1,1,0,1,3000,0,0,0,0,0,1,0,0,0,737.12,229.58,624.67,813.94,2405.31,0.8,9000000,0.160354,8.006368,4,1764,9.615806,0.054263,0.064447
80769.2,36.71,20,37,2,1,4,12,0,0,1,0,1,0,1,2200,0,0,0,0,0,1,0,0,0,737.12,229.58,624.67,813.94,2405.31,1.09,4840000,0.02978,7.696213,16,400,11.29935,0.010077,0.011969
16000,6.53,38,54,2,1,8,12,0,1,0,1,1,0,1,2450,0,0,0,0,0,1,0,0,0,544.11,147.16,663.13,0,1354.4,0.55,6002500,0.08465,7.803843,64,1444,9.680344,0,0.043204
12798,7.11,7,23,0,0,8,14,0,1,0,1,1,1,1,1800,0,0,0,0,0,1,0,0,0,780,0,1564.5,1948.5,4293,2.38,3240000,0.335443,7.495542,64,49,9.457045,0.15225,0.060947
6300,3.5,26,59,0,0,25,12,0,0,1,0,1,0,1,1800,0,0,0,0,0,1,0,0,0,381.73,111.85,181.71,339.91,1015.2,0.56,3240000,0.161143,7.495542,625,676,8.748305,0.053954,0.078346
6634.61,3.54,12,39,3,0,0.5,13,0,0,0,0,1,0,1,1875,0,0,0,0,0,0,1,0,0,358.75,134.87,304.36,503.2,1301.18,0.69,3515625,0.19612,7.536364,0.25,144,8.800056,0.075845,0.074401
6500,3.51,10,42,3,1,2,12,1,0,0,0,1,0,1,1850,0,0,0,0,0,0,1,0,0,358.75,134.87,304.36,503.2,1301.18,0.7,3422500,0.200182,7.522941,4,100,8.779557,0.077415,0.075941
6865.38,3.27,10,29,1,0,0.5,12,0,1,0,0,1,0,1,2100,0,0,0,0,0,0,1,0,0,358.75,134.87,304.36,503.2,1301.18,0.62,4410000,0.189528,7.649693,0.25,100,8.834247,0.073295,0.0719
7530.92,3.84,6,25,1,1,2,12,0,0,1,0,1,0,1,1960,0,0,0,0,0,0,1,0,0,358.75,134.87,304.36,503.2,1301.18,0.66,3841600,0.172778,7.5807,4,36,8.926772,0.066818,0.065546
8480.77,4.44,17,49,2,1,15,12,0,0,0,0,1,0,1,1911,0,0,0,0,0,0,1,0,0,454.04,184.39,453.1,739.59,1831.12,0.96,3651921,0.215914,7.555382,225,289,9.045556,0.087208,0.07528
7500,4.05,4,20,0,0,0.5,13,1,0,0,0,0,0,1,1850,0,0,0,0,0,0,1,0,0,382.53,169.43,309.62,565.6,1427.18,0.77,3422500,0.190291,7.522941,0.25,16,8.922658,0.075413,0.073595
3864,3.5,20,65,0,0,4,13,0,0,0,0,1,0,0,1104,0,0,0,0,0,0,0,1,0,37.71,0,24.45,24.36,86.52,0.08,1218816,0.022391,7.006695,16,400,8.259459,0.006304,0.009759
2080,1.67,2,18,1,1,2,10,0,0,1,0,1,0,0,1248,0,0,0,0,0,0,0,1,0,0,0,0,0,0,0,1557504,0,7.129298,4,4,7.640123,0,0
11220,5,10,26,0,0,8,12,0,1,0,1,1,0,0,2244,0,0,0,0,0,0,0,1,0,302.44,229.11,112.67,0,644.22,0.29,5035536,0.057417,7.716015,64,100,9.325453,0,0.047375
7140,4,7,25,1,0,0.5,13,0,0,1,0,1,0,1,1785,0,0,0,0,0,0,0,1,0,262.88,92.74,500.25,0,855.87,0.48,3186225,0.11987,7.487174,0.25,49,8.873468,0,0.049807
6503.99,3.13,33,47,0,0,4,10,0,0,1,0,1,0,1,2080,0,0,0,0,0,0,0,1,0,182.57,0,93.29,0,275.86,0.13,4326400,0.042414,7.640123,16,1089,8.780171,0,0.028071
22500,6,19,39,2,1,0.5,14,0,0,1,1,1,0,1,3750,0,0,0,0,0,0,0,1,0,796.61,286.02,796.72,1333.98,3213.33,0.86,14100000,0.142815,8.229511,0.25,361,10.02127,0.059288,0.048117
5060,3.67,6,22,0,1,0.5,13,0,0,1,0,1,0,1,1380,0,0,0,0,0,0,0,0,1,0,0,0,0,0,0,1904400,0,7.229839,0.25,36,8.529121,0,0
3045.6,2.35,29,45,0,0,4,10,0,0,1,0,0,1,0,1296,0,0,0,0,0,0,0,0,1,121.04,37.55,166.6,92.82,418.01,0.32,1679616,0.13725,7.167038,16,841,8.021453,0.030477,0.052072
6850.99,3.1,1,32,0,1,2,8,0,0,1,1,0,1,0,2210,0,0,0,0,0,0,0,0,1,248.5,100.13,164.52,236.58,749.73,0.34,4884100,0.109434,7.700748,4,1,8.832149,0.034532,0.050888
4895.99,2.4,17,35,2,0,0.5,14,0,1,0,0,1,0,0,2040,0,0,0,0,0,0,0,0,1,144.38,56.04,59.58,0,260,0.13,4161600,0.053105,7.620705,0.25,289,8.496172,0,0.040935
4443.74,2.37,8,24,0,0,0.5,16,1,0,0,0,1,0,0,1875,0,0,0,0,0,0,0,0,1,114.13,0,23.28,0,137.41,0.07,3515625,0.030922,7.536364,0.25,64,8.399252,0,0.025683
4499.99,2.4,3,30,3,1,0.5,10,0,1,0,0,1,0,0,1875,0,0,0,0,0,0,0,0,1,114.13,0,23.28,0,137.41,0.07,3515625,0.030536,7.536364,0.25,9,8.411831,0,0.025362
6336,3,33,49,0,1,4,13,0,0,0,0,1,0,0,2112,0,0,0,0,0,0,0,0,1,73,0,144.85,0,217.85,0.1,4460544,0.034383,7.655391,16,1089,8.754003,0,0.011522
8423.07,4.21,19,40,2,1,2,8,0,0,0,0,1,0,0,2000,0,0,0,0,0,0,0,0,1,163.31,198.82,0,0,362.13,0.18,4000000,0.042993,7.600903,4,361,9.03873,0,0.042993
3378.46,1.9,32,52,2,0,15,16,0,0,1,0,1,0,1,1776,0,0,0,0,0,0,0,0,1,333.97,140,132.47,188.07,794.51,0.45,3154176,0.235169,7.482119,225,1024,8.125175,0.055667,0.140292
7088.39,4.6,5,25,0,1,4,18,0,0,1,0,1,1,1,1540,0,0,0,0,0,0,0,0,1,305.52,121.78,161.2,532.46,1120.96,0.73,2371600,0.15814,7.339538,16,25,8.866214,0.075117,0.060282
7214.3,3.93,6,24,0,1,0.5,16,0,0,1,1,1,0,1,1837.5,0,0,0,0,0,0,0,0,1,373.29,115.07,248.13,301.49,1037.98,0.56,3376406,0.143878,7.516161,0.25,36,8.883821,0.041791,0.067693
6623.99,3.45,29,46,1,0,4,8,0,1,0,0,1,0,1,1920,0,0,0,0,0,0,0,0,1,313.89,177.23,233.62,0,724.74,0.38,3686400,0.109411,7.560081,16,841,8.798453,0,0.074143
6799.99,3.4,14,30,0,0,2,14,0,1,0,0,1,0,1,2000,0,0,0,0,0,0,0,0,1,172.79,0,120.89,0,293.68,0.15,4000000,0.043188,7.600903,4,196,8.824677,0,0.02541
8921.77,5.2,13,42,2,0,4,13,0,0,0,0,0,0,1,1715,0,0,0,0,0,0,0,0,1,539.77,245.4,347.78,506.58,1639.53,0.96,2941225,0.183767,7.447168,16,169,9.09625,0.05678,0.088006
11550,5.5,19,40,2,0,0.5,18,0,0,1,0,1,0,1,2100,0,0,0,0,0,0,0,0,1,539.77,245.4,347.78,506.58,1639.53,0.78,4410000,0.141951,7.649693,0.25,361,9.354441,0.04386,0.06798
9750,4.88,30,51,0,1,4,14,1,0,0,0,1,0,1,2000,0,0,0,0,0,0,0,0,1,420.22,185.04,340.9,0,946.16,0.47,4000000,0.097042,7.600903,16,900,9.185022,0,0.062078
15288,7.8,10,28,0,1,4,16,1,0,0,0,1,0,1,1960,0,0,0,0,0,0,0,0,1,930.47,312.32,653.72,1264.68,3161.19,1.61,3841600,0.206776,7.5807,16,100,9.634824,0.082724,0.081292
13200,5.98,20,44,0,1,15,12,0,0,0,0,1,0,1,2208,0,0,0,0,0,0,0,0,1,709.77,254.05,575.91,0,1539.73,0.7,4875264,0.116646,7.699842,225,400,9.487972,0,0.073017
21000,6.48,12,35,2,1,2,18,0,1,0,1,1,0,1,3240,0,0,0,0,0,0,0,0,1,1312.84,0,946.11,1231.44,3490.39,1.08,10500000,0.166209,8.083328,4,144,9.952278,0.05864,0.062516
7511.53,3.76,28,45,6,1,4,12,0,0,1,1,1,0,0,2000,0,0,0,0,0,0,0,0,1,353.83,149.95,266.47,261.49,1031.74,0.52,4000000,0.137354,7.600903,16,784,8.924194,0.034812,0.067068
6825,3.25,9,28,0,0,8,16,1,0,0,0,1,0,0,2100,0,0,0,0,0,0,0,0,1,353.83,149.95,266.47,261.49,1031.74,0.49,4410000,0.151171,7.649693,64,81,8.828347,0.038314,0.073814
6523.12,3.55,22,64,0,1,15,8,0,0,1,0,1,0,0,1837.5,0,0,0,0,0,0,0,0,1,353.83,149.95,266.47,261.49,1031.74,0.56,3376406,0.158167,7.516161,225,484,8.783108,0.040087,0.07723
5899.99,2.95,2,18,0,0,2,12,0,0,1,0,1,0,0,2000,0,0,0,0,0,0,0,0,1,353.83,149.95,266.47,261.49,1031.74,0.52,4000000,0.174872,7.600903,4,4,8.682706,0.04432,0.085387
15300,5,15,31,2,1,15,18,0,0,1,1,1,1,0,3060,0,0,0,0,0,0,0,0,1,665.81,319.22,581.62,536.9,2103.55,0.69,9363600,0.137487,8.02617,225,225,9.635608,0.035091,0.064381
24000,9.7,35,50,0,1,25,13,0,0,0,1,1,0,1,2475,0,0,0,0,0,0,0,0,1,882.57,343.34,540.58,885.92,2652.41,1.07,6125625,0.110517,7.813996,625,1225,10.08581,0.036913,0.05108
16000,8,26,47,0,0,15,18,0,0,0,0,1,0,1,2000,0,0,0,0,0,0,0,0,1,882.57,343.34,540.58,885.92,2652.41,1.33,4000000,0.165776,7.600903,225,676,9.680344,0.05537,0.076619
